X1,X2,X3,X4,X5
1.174321856377043,0.4548099029526682,0.6737045910110349,1.0137447957170318,-3.4720813011952263
-0.6942659614808446,3.2503093404689727,-0.4351440551762472,1.357929538790721,-5.513229167345409
0.9570790596415069,-2.5409127368583486,0.7925506159648221,-1.3491233105903668,1.235302550410245
-1.4373138453364889,2.9163424202576413,-1.6272908368218046,1.79809506347452,-3.0519141066175015
-0.9993469621864064,1.6880833863459856,-2.2869385495770924,1.6437613130398974,0.4124944930597242
3.088030021389408,-1.984193738696815,3.3303840747731135,-0.18970887468983094,0.6635139090395055
-0.06335332510556979,-1.812351246639432,0.621553741749415,-1.4421772646834814,3.4642183888454534
1.049982533077817,-1.1109953261950114,0.8674193954426038,-0.4372708632654426,-1.501853945262079
1.0869610342963774,-2.069873088575105,1.7564531924219284,-1.0166291892584436,1.0523234762160347
0.2002664614414793,-0.15019644423739842,0.2578901747706084,-1.0441395310608825,-0.7076818452849605
-0.40064769581061543,1.4164126924003337,-1.9649392472173135,0.4124956319867552,-1.5615952069279124
-0.6182631829231265,0.010826184536228078,-0.8022218312894858,0.15387156475387956,1.8904914525069427
-2.025347712948117,1.794939929446748,-1.5216659703149182,1.0415164509874075,-0.9791327398891387
-0.021003745969958576,-0.8043167235150868,1.6941868683221608,-0.6122409179533184,0.6219098556662674
-1.2778915709326353,2.673000007624492,-2.0505093687280067,1.2092192400264496,-1.9304705515357936
0.3241204059444234,0.3592773667827627,0.7797575624417298,0.18524121236254734,-0.2855725638850781
-0.21418496090672523,-3.0167887868567282,0.3803802445735882,-1.5521658322603198,2.40309550910616
-0.9858578078423811,1.1826081808811097,-0.5402071197780951,0.5061971108424864,-0.4103900932516794
4.1392669271151235,-2.2907311436755293,2.759070283755096,-0.7886317408623436,-2.7921749373848344
1.2659866354003493,1.366964241213691,1.6376181905955722,0.3081523652050727,-3.5240061459574505
1.1265394325198415,-1.5725283517319384,0.815887803428206,-1.4525862748062086,1.2263566025416592
-1.0509609216604736,0.2798730679660486,-0.15729841109278986,-0.3100501044535618,1.2111371123624344
0.23636104237930722,1.920490896728988,0.7629678510064642,0.6918015712214124,-2.292874567426347
1.3253678832498899,-0.330617874745591,1.374654445064908,-0.12159798610469166,-1.3268350070462134
0.04367286150487526,-0.8432267837072873,-1.2888608438029694,-0.12293907496903932,2.077864496175395
3.923984068450676,-5.688951388652422,5.2010042898836355,-1.8921238273459648,1.5940572527136048
-0.7715906141856852,1.0440794858047127,0.562010679443899,0.5322625147479646,-0.30482568519557457
-1.8232698014526443,2.9931003051577845,-3.601949518920196,1.115631135339961,-1.3582946843973107
-0.9582148829878903,0.5388093298575609,-1.005559900169679,-1.026485247392415,0.4016847362952152
-0.5591103156524365,0.36847106694354104,-0.8624650645640728,0.5301933222265415,2.28937089932926
-2.6790749059571217,3.46525106592341,-2.9817930694116646,1.5179014797317443,-1.3215279562660458
0.6559669039607964,-2.0245895489568992,0.5452169652338721,-0.7050764316877106,3.1908729231471518
0.9244776752262416,-0.3316285820411181,1.5023425348350048,-0.03767319786071737,-0.9241209986937005
-0.924973633809228,0.868420249364438,-0.9567832662257452,0.12453403660961108,0.2901185720076245
1.5762588979925423,-1.4942224393874701,0.48200774729499907,-1.2420168276124548,-1.167010309767984
1.2328462038135168,-3.8546541125842033,0.9542730115954695,-2.089916797778024,2.585983905036877
1.0597529513290778,-3.197793085947553,3.8041596475798363,-1.4752961547907673,2.170521266417302
-1.8839957689104927,2.5414981764585676,-2.038936002341529,1.2945990131781508,-1.9935886504113942
-3.044309220495478,2.9178519875519555,-1.4310114813531694,1.7273131132013038,1.5541804039229312
2.0030534050842324,-1.4294759466220153,3.1863666696487853,-0.44556249428057765,1.3740633782880276
-1.8471929244202427,-1.2001343033406309,-2.3386090548145666,-0.8238507480578595,5.2194706491975325
-0.3714046767212211,0.8016439757858344,0.253117802295,0.49215640720196685,-1.5843641541614453
-1.903756725421479,2.538958226139387,1.3080140274276513,1.0461126738384563,-0.3659453547768859
-3.326892799561592,4.8441159291526565,-4.13067894058603,1.6565800658294154,-0.7059198233094426
1.6105275451857008,-0.4812739089131254,1.4265672066608108,0.5456356181539511,-0.9332016281749813
0.2589001188632397,-0.7962396845590585,0.9707614480422841,-0.6451391394901579,1.8094537246682403
0.4855554213993454,0.8442325896428076,-1.0372881749829692,1.6239129111380532,2.4581696227620475
-0.09116836603772427,2.0671215289415072,-0.537831897575653,0.6983982672006631,-2.297645125583723
-1.22505049025519,-1.428771226412127,0.12540085852852512,-1.179240054234329,3.043800310948104
-1.3949322032079898,1.367395724840584,-0.37583082471400253,-0.23965531061747875,-0.0256502700276674
1.8051224440296787,-0.34961739598676544,2.1236390035637225,0.7003574603818423,-0.6924510902420187
-0.6572117019052687,1.5242585282528394,1.3666529305297017,0.7119977903221024,-1.302923636670891
-2.0006554951584565,1.990929127180411,-2.469289375712387,0.5478538014944239,-2.2992059146944452
1.7955321471848278,-3.1016012779041815,2.266772829947873,-1.3814722885251713,0.5359962884855265
-0.4181942825166888,2.231744064380184,0.6589175188637226,1.1584441559855805,-2.029859628454222
-1.104252589445002,2.5004686304226427,-0.9406457150661983,1.1243933715442311,-1.5386159062113944
-1.9448148624017256,-0.891702785562182,-1.2276300969156582,-0.7499555037070345,4.060680248496116
-1.4968455475346185,-1.147729721520215,-2.956474992510949,-1.122387990700087,3.4881319415937737
0.6356679347164895,2.315380331903809,1.1941049955900964,1.2589513426667391,-3.028222227891662
-1.508438674986204,2.084635639458154,-0.9198746514155703,1.074551955325496,-0.8301372145116881
-0.024968469054653247,-0.6799386835627608,1.904021251390865,-1.0717604405455208,2.609067634467864
-0.5368041521720827,0.36508453797172435,-1.0445616865809173,0.6077395250406232,0.9693779306212384
0.11328776911689334,-0.4281633613384709,-0.47365503261396924,-0.43060587984326426,-0.6859507606878487
-1.601657299668601,2.944104689435839,-2.576275272635304,1.385273916361547,-2.4993211794565786
-1.2902011402004832,0.31306575423863736,-1.248017324441893,0.07788374423775983,1.9454083183785196
-0.4540270063833415,-1.2183313484955784,-0.3613496000875064,-0.9663045102577473,2.522848698744262
1.7896749913247807,-1.3386671006579802,0.6170224866065444,0.034294378548581764,1.0090365955804796
-0.10748521203712735,-1.8634806249459246,-1.150377925012268,-0.8946984052594457,4.456651818726437
-1.5406839376521118,1.6556043559400908,-2.363551274459298,0.23424852651785869,-0.8009032151565265
-3.282536790561479,2.3522846384564238,-3.098392438969711,0.8186668696902385,2.7973479103338135
1.5998736375431029,-0.05792455647351524,0.6703583458338647,0.4527264667113452,-0.3919017277060006
0.6815604392900593,0.5487337286034757,2.105914262885878,-0.05372119381446666,-1.4316359820042157
0.30351230676246355,-0.25981103303596725,-0.02856898851072537,-0.40074462205585837,0.0881384645985342
1.9535353329016645,-3.117388837295917,3.074724022007233,-1.3783325642469144,1.4644218305129488
1.8527261574044,-2.774669212233735,2.4050935079257973,-1.8498723531275074,-1.6971322363619683
0.8158377644100779,-1.5751895267055585,2.3253822117960605,-1.1380282945180071,-0.906943501943418
2.937501280995226,-4.07253295940296,3.5307866069279883,-1.7733319987159857,0.11398912706379172
1.2086894561436532,-1.3042327221763672,2.3757539956437457,-0.168135055557518,-0.28421029920311913
-1.2950547139712025,3.7106014861852854,-0.6319073638265541,1.5221217720953855,-2.294450248225475
0.8013154160137377,-0.5276975404203306,1.6229319266436126,-0.8053484443802986,-2.5543271493459354
-1.4753784243827874,2.0688278615203397,-0.6319322435559137,0.4428834639022047,-0.9355547823878801
2.8850374334985225,-3.7236416808847492,2.1554002965959773,-1.9165902116421412,-2.264939277244274
1.5643664625273828,-3.1931022759007543,0.8002705713466992,-1.7624735541469483,-0.04993077243115729
-1.4839168173567463,1.5038086283453949,-1.2354143598854896,0.20475266277367193,0.9563910958801953
-1.2128993329582332,-2.2609428786722297,-2.7921272189390347,-1.5937568497542098,3.507174385011697
-0.21816854136628894,1.2256245817711533,0.6212065091464145,2.0085050904525925,0.3937227774540403
2.600519471818161,-2.1549106069117547,2.3511717026324206,-0.9546992766684268,-0.19678477364238778
1.369933444830019,1.5989816391492422,0.03612534658736921,0.7250469685735976,-4.381594122590183
-0.01602424333078689,-0.6546598768580287,1.493676592364806,-0.0499237644086182,2.718938891291031
-2.375635384563442,1.7811027344193293,-2.3629573076861132,0.625997885400167,1.6084930059235703
0.3152665040355431,1.5408220339970873,0.5963242237621467,0.6327721361630697,-3.612623175149825
1.9862377914097875,-1.768557263976616,3.0834792481624507,-0.09480260015767804,1.1649216477825874
-0.48195196709041166,1.0724224309299775,-0.1641362311170142,-0.05390635604822217,0.42997422484379766
0.17587226145538276,-1.4900225947590802,-0.43658424261721596,-1.1407417695145796,1.2073874151306543
0.7837806968363992,-0.19974574022490788,1.5727210288879006,0.24012966284966686,0.6542891535884824
-1.119525973795819,-1.2607976164473922,-2.6713866734943563,-0.6413340760986893,3.505245718757061
2.057969767891482,-1.3908907117075973,2.197804470459885,-0.9338383387516378,-2.5822547394655184
0.9540343286865044,-1.778872835717707,0.6324736330973871,-1.006290445931798,-0.1356874160669701
-0.8209003211907373,3.4192368764304897,-1.0043144331072704,1.2305716606099932,-4.70976616223739
-2.47741456567376,1.2551452002197312,-4.043451696891663,0.3555563561217725,2.1690886854115026
-4.153842421821505,3.3480269571314736,-4.883745380912462,0.8772983824534293,0.6225461497839309
-2.297759770644873,4.908386418204381,-1.5725503728503494,1.9035209246455835,-4.453108341162765
-4.541504445417413,3.9566995736944843,-5.600816078021492,2.4965045890405584,1.488426419387332
0.23365612976417,-0.04592967155135902,2.4515667021810303,0.22453817336279616,0.1058800694716896
-0.24004241457725725,-0.4252305413337758,-0.02985056571876435,-1.0343287103731023,1.75220485680072
-2.1428582726959324,0.5167033576091318,-0.8122979133965105,0.2714771492507776,2.4221332506047224
1.862151290246086,-0.6562937237421994,1.3550243669881197,0.13140427027970292,-1.5651295293589993
-0.3883853357027268,-0.2869169219361309,-1.6674632213045981,-0.2574171883067797,-1.2688658085982647
2.292867468123902,-3.8067887129819997,3.31001233812781,-2.520562332123217,0.06126848471704083
-0.16752233942161965,1.6809618876853465,-0.04514518273760049,1.0680249141868738,-0.764905781717822
-0.45680552672476926,-1.6931334832819664,0.6706458699612041,-1.4177213399953852,1.7050355036751337
-0.9535479878159053,-1.2282946457723352,-2.591464736121456,-1.1148704502490376,3.387618794670356
-1.1804463606147617,0.5845324098592821,-1.4326832318780671,-0.023675654773102534,-0.5367442055090326
-0.634164931133335,-0.722311250733886,-2.716122727741576,-1.1838568320683907,3.009194938576968
2.135669372797173,1.43202615446894,1.8680760131556609,0.7867530729808457,-6.376944367089973
-1.625610839647953,1.1713096376659753,-1.8783894603572735,0.26410707059064503,1.826128181110562
-2.844886164930023,3.6040295074975077,-2.5263928728856073,1.2338104943741266,-0.4216158817525432
-1.0473960562844948,-0.55207949782428,-0.31662158178526345,0.648390198283727,4.061126614534963
-2.033125244877041,-1.9177031754055913,-2.864026240682348,-2.0273760199967645,4.048939021127902
2.1606577190453717,-1.1252426919235237,2.796065295858743,-0.43759776275561146,-2.240804932866647
0.7739771128954884,-4.379977469696582,0.7428558281804337,-2.259210591396981,4.15433836888272
-1.9682386661642473,1.648349073013618,-1.403436518433395,0.9824005456402759,2.080442786006028
-2.8742985952100053,2.464525751185133,-1.2205775670715155,0.1225913401492116,-0.2954444016571156
0.9312292058312077,0.9135555116894214,1.1149784531685552,0.5119931680817511,-2.510496044603351
-1.69705998068964,1.2783216462501064,-0.7658506227353415,-0.006009054976358453,2.128923443188703
-1.0570761493262677,1.198085230473414,0.4701530776448499,0.32549584786489344,-0.15073427680035015
1.948876956634888,-1.6738483728599998,1.9604965691391494,-0.5405695877540647,0.015282729619315094
-1.390491315001662,2.0351815046019435,-0.3352062213167013,0.11779894232279214,-2.2656605455935015
-1.3078157928059475,2.283734743730644,-1.275690884321661,0.6713380959139934,-2.375377592405367
0.57992563623877,-0.24631858523603278,-0.14966218285146948,-0.9056794941576769,-1.303623023094874
-1.604853509775092,2.9658194937266864,-1.120019501869654,1.716590868990613,-0.1536058365464278
-0.04910227351235408,-2.518090854820008,0.8475223363443894,-1.5111734789118425,4.378394219339377
1.6888845944745272,-1.9433425310926944,1.147419275529812,-1.3135915923528367,0.6758078771891525
0.5332963648014387,-2.073202892045589,0.7291701546867198,-1.0723579454442613,1.6859104253926873
1.49245956884105,-1.6909524109094658,1.9902308118686136,0.03393168908216759,0.620688432894326
0.8595927487539728,-2.6713453941271634,2.6395587759377586,-1.2362248551298956,2.0222506302592356
3.1239826551533034,-1.8236571146683276,3.467254022313155,-0.7440263892727514,-1.785595116275969
-0.025088665389884024,1.1933396421169091,-0.5364718385989012,0.7162568585387998,-1.0171597516299986
-0.43909005161612275,1.5835455433819683,-1.0641391131341242,0.8314380108820487,-1.3871303660361514
-0.4502243708741286,1.1646845830565116,0.5860255120990482,0.6331349424817777,0.7367943430036454
1.0262967035438104,-2.042683068905195,1.2047925872242005,-0.8296750266786339,1.34096142489504
-2.110353562016776,1.7042475039691027,-1.8650162650082631,0.9694470092909583,0.3576222706335914
0.5442833918436469,0.8779505360543651,0.9946737580563448,0.4572781401603176,-1.2701836724369902
1.4000111009535166,-1.9135683451109022,1.2325718406593391,-1.3527140738821684,-0.9903283278408457
-0.45108050511910114,1.231620739529959,-0.6382176426415286,0.6136110915264318,0.500060176301526
-1.3686191266328531,2.3734162044329445,-1.4290423533960352,2.338741664449114,-1.0262013384947497
-1.7775406463671763,0.3026793646420782,-1.869950292003622,-0.17989913620011688,2.9932373116770656
0.4063042154545169,-4.608514369818332,-0.9637772349823593,-1.6695549804521637,5.799046657824035
-2.9197233584610585,3.3271145642287805,-3.5407258865463347,1.563539108285641,2.7508611666994778
-4.563048804875081,4.367671260128097,-3.076025260148884,1.7598775550106225,0.08545510402447087
-0.12923081909264522,-0.4857724062263967,0.2710047764798784,0.09407193150911843,0.6625785439156399
-2.156005587739929,1.424906178930882,-0.5296676470640658,0.05500990093656089,0.33440115426952394
-0.2853073208208505,0.45010605579597307,0.24278641756120622,0.18089357573241177,0.9778353131555689
0.6035526115654779,-1.1874166528178898,-0.6466667881541397,-0.057692943155849795,1.6632586061294692
2.466376588531628,-2.2306211497124804,2.0821672798128352,-0.5651795398171727,-0.19292067139660632
-1.7078590492595698,3.0391460352206527,-1.7564174017133947,0.7822380975008926,0.4760771262946304
-0.17723539096947516,-0.13127979976396903,-0.36543060976410646,0.26145707094914705,1.5881960008015557
0.3292303099852757,0.12044393902179418,1.195170059197176,-0.8922122633005091,-0.410959837557612
-1.2246486715212852,0.9270928761802073,-1.094618308204451,0.2396193615601852,-0.7941499522187581
1.3191157422081652,-2.436034972058387,-0.14666319910447934,-0.7841692625623183,2.6803434160764468
-0.5568702989120422,-0.29331022548859964,-0.4014235258916822,-0.6647741296395151,-0.3329909199271457
1.606070031024526,-1.4397488921447663,1.411442430093976,-0.905770294563077,0.0350013394859523
0.13371656255122008,-0.285714398349912,0.9770454058865783,-0.1921398611661647,-0.7424173510568444
1.0987374369916114,-0.10281120107833039,0.13600322296822664,0.13852856614218872,-1.6204326329809415
-2.7876906363217513,5.102830152866979,-2.7993978306858023,3.0063954480895396,-2.5055295103009074
-0.03039838348393384,0.7647176456794932,-0.3740417941445273,1.0297442032781607,0.9661989608593693
-2.467899502654264,1.7162885293283534,-1.2766182492566833,-0.21585504839663913,1.5250575230121524
1.543355273618606,-0.8798443659796064,3.5094352642224615,0.26171218737856555,-0.6625167844571842
-0.07662431620614055,0.30150416981237976,-0.3999172092662485,0.05272957896581049,-0.0030992092090441625
-1.4110437389932513,-0.8186838634639972,-0.6544802985592341,-0.740309923456362,3.7992462522024315
2.453907591913599,-3.220292168310843,3.831909514728049,-0.4785794663327326,0.6380733624316689
2.494850382258531,-2.42624259920619,4.826095463860833,-1.2035255251061083,-0.41873180856497805
0.040246426241580924,3.1237283614901314,1.6749173696724524,2.0529859399667996,-4.2544591492344
0.9956964726409335,-1.025816059563229,0.41044439997013005,-0.10477693595818832,0.9085530144196639
0.9759592449985948,-1.908988126256136,2.1452034889041207,-0.9588060451771496,0.7855101752905862
-0.33932358090073445,-1.8708682990233645,-1.2941433231863462,-0.5896553753239008,1.665046027596616
-0.9976134157345409,1.9423772926718137,-1.3133889775168974,1.1286661488564713,-1.3331032727577532
-0.36311947873448036,0.27282681657527486,-2.076102420852612,0.07189050782057853,-0.8917910613751565
-4.054479305809369,2.469230591136797,-5.724694515953976,-0.3978130754874509,0.273548364167125
1.3570608908787456,-0.3618311653849957,1.2737856190727033,-0.3615976202395376,-3.8184840662111768
0.2432098341961002,-0.820000120426204,2.3034120911664666,-1.0364589369439727,-0.3861861365087023
-1.301422865194834,1.1152470483262724,-2.1588483409588015,0.4194958869922604,2.142071331010767
-0.3267122261050935,2.147666543759967,-1.8976310719631577,1.4834262988143638,-1.8783799640439627
2.018321128847038,-1.1624898082766364,2.8590972728684134,-0.6299694182343804,-1.8598498114739772
0.03769970370597575,-0.15618516156662965,-1.3204745427796756,0.7762480524432878,1.0528070262077125
-1.4094619811490356,-0.443620562587143,-2.445924135934983,-0.46618468387485146,3.0639117364736834
-0.2899551094396776,2.137121609035232,-0.0640783597841301,1.376208707462592,-1.757241662270936
-3.202962587794233,4.580577877271759,-4.184434921041493,1.7467127301732974,-1.1878818982270467
-1.20093694665136,1.0712013240883491,-1.26503675910729,0.5192254640039349,1.2280085268896666
-3.7755336279443283,1.4868380665117225,-3.796399832158934,0.41894302884320056,2.985037269397736
-0.11081957710274759,-0.9337708379890755,0.7370494762820712,0.2789531493110626,1.508437613100261
2.9860047110805406,-4.5756158274969065,2.4749937233530575,-1.716439406644559,3.093155624019893
-0.9251534702123309,-0.12601714803379707,-1.194561985249848,-0.09579749683891577,0.5112220956121194
-3.5059757018507094,2.793884721407243,-2.275451128002471,0.16447073463780434,1.410745385397155
-1.0920071935979712,1.7536361486699676,-0.269344544241786,0.683395267121129,-2.647718590227293
0.7486446353485344,-1.5293280138904162,-1.13114842970655,-0.6800052767272055,0.4074059165395321
0.6674955369035952,0.4204323661564777,0.11615903283000018,1.1657324640527695,-0.937152683160366
0.3929919773924104,-0.2025155320540477,0.4439885150466423,0.7463099553842414,-0.5325177636726937
1.0357690412994804,-3.1580897655974063,-0.7196335900533655,-1.357500442679378,0.4709590219003683
1.7830816071948006,-2.9271000635748052,2.9121940050990407,-1.1665847536355327,2.4460330129016308
-0.6990140729090925,1.3262087744931528,-1.6829610937731587,0.9260158481227589,-1.007127208073666
-1.6027166384134706,3.0732787563690964,-3.0885401195717788,1.2005884576066579,-1.4873326555313737
1.1271796886798309,0.7540809984688559,0.6953505451680335,1.3621094317033515,-0.20434643216786674
-2.845065541720694,3.4422719699190027,-3.3818430250127527,1.1562967953884906,-0.7215535648897081
-2.195802428800903,1.4248143647584763,-3.3343672492086682,0.8574015480321452,0.8828130986850535
-2.054180012214081,4.167999858892848,-1.668439238724912,2.0727380326836276,-2.067999928063063
1.3348223421066971,-2.3979492657383736,3.8360156864541413,-0.02263692881555623,3.472066227896177
2.892122521984475,-3.55805859458109,2.8912550828681107,-1.8254761825395422,1.0763398539526718
-1.9160510451744979,3.6155374309393986,-0.7027135744977062,2.246194233282547,-2.3165305639784393
2.0245992760252887,-4.298766198939198,3.1744832754659713,-2.43904242988135,2.6842283000326135
0.7398826210221949,-2.979325143758467,0.06460209588251375,-1.1889603575468324,2.219466763538987
0.42784567237597176,-0.45644946346014836,0.8415577994638261,-0.6739284177406369,0.35353199872486674
-2.5309174857006256,2.478580159476522,-2.9644417746241913,1.9089668903827757,2.586211532482622
0.9530933657908816,-0.8319779691697012,0.4130355740613165,0.3158443930611399,-0.9190768086549765
-1.862589993685308,-0.07570866756523564,-1.3829599825783871,-0.37520159031493666,3.5161515634326084
-0.3990556708728728,-0.40866825854466315,-0.0029289050619688006,-0.3033804949447702,2.3205607396497143
-0.8183975279840032,1.6413154477175305,-1.4645505442984512,0.9975529016065242,-2.234071878661873
-0.311353165341394,-1.162333325479464,2.0116679372683355,-1.01465297417427,0.9744321920559955
-0.6164800795279457,0.4605654612215835,-2.0136649770247854,-0.130588637974043,-1.097186008417992
0.9226717751815451,-0.6208013493545116,0.10882511261627881,-0.2209051777343371,-0.9738330092542382
1.8425516936119397,-0.9807788498253485,2.195328831631272,-0.05097783495334995,-0.8638998107396716
-1.5990125312421808,0.1700356242106973,-0.9760952968531905,-0.35903135508945055,3.1908645629772114
-0.10421185573378972,-1.0006899575691683,0.27229833222264005,-0.5606871000194972,2.41106411558689
0.8521464831974565,0.39468397121915794,1.6900741832029431,0.5002537770730705,-1.1422031145045164
1.0379492450999146,-2.4605323573495617,-0.9762998055615468,-1.1481842326540308,2.539759756713147
-0.12669198766072182,-0.5929539491040894,-0.7280453909346571,-0.92084879149106,0.04227322612126477
0.11479111119734808,0.856639303067511,-0.044329095935867396,0.11767148629851353,-1.807476854016201
1.4857519492610174,-1.0642511412553906,3.0237612952147273,0.05494441468626929,1.050617842953256
-2.090442192065397,2.560819233393229,-2.686056658089246,0.13715152617421097,-1.5887236875515134
-1.6953461531387517,0.19113634989387485,-3.179902269365704,0.3774919958501765,2.35311976408775
-0.6073099434289464,1.1513274078257423,0.5083290020046322,0.417586345452102,-1.7905641248248936
0.04691238817931542,0.2083208861862037,0.2711917179709271,-0.31579553208770245,-0.8646254831643111
1.6245728163554287,-2.022735656963563,1.7156604648094733,-1.5720331967844159,-1.3363641398944495
1.17822843269011,0.8806146167855688,1.7758337760677843,0.6002175182099343,-3.4375276561880583
-0.376507359315695,-0.6362202558137929,-0.041229372626764904,-0.764063925818555,1.449017202633271
-1.138348616571173,3.414625998566644,-0.12631773932941703,0.5801298721710866,-3.176451738804862
0.8900418492015918,0.36631246317690436,-0.038159244613304666,0.8339127159954303,-0.5118333234185374
1.8435096147240673,0.6131165883218955,2.9436243279466527,0.9460930529146169,-2.8066991970667914
1.9809329659200205,-0.445842953995612,2.376288063001196,0.34785031329068183,-0.7758698004816529
-1.9399168787467471,1.5852538236839357,-0.7777201864855097,0.3975976105171284,1.3149945504263398
-0.23821167391424578,-0.16017859892153916,0.04074847331205367,-0.08778648262425144,1.030052662860018
1.3149439044836835,-0.4441519498022086,-0.2692509420366853,0.5968010860078933,-0.5901052435485321
0.7136819172692798,0.4112610990604876,2.5539962326629095,0.6675611471377143,-0.9537380833013029
-3.572663799884779,5.5559612297009,-3.7854629615904307,2.0417383043176502,-3.5777249681737375
-0.09842424413422035,0.08336251017380508,-0.07984338970556372,0.3110730986378558,1.1632663620974928
0.9279910462414669,-0.5028714329975634,0.7838624902418991,0.05369939661725801,1.519165327145144
1.4309267614984873,-0.5146208332393988,0.9508135234149736,0.4786502651921878,0.7765342160350946
-1.107014967646096,0.9623119640752786,-1.2865663616418297,0.8094470704212416,0.9898049768934182
1.0308944834474707,-3.5702647074770706,1.2764173574678477,-1.3847454334823655,5.6606165869354825
0.7845736499216558,-1.3562066261877115,1.563859920106971,-1.1711358843281854,-2.1386034218144983
-0.7545873716997906,0.8905931231710469,-1.330448680949619,-0.2827163489565244,-1.0019358973794925
-1.6479324639653625,1.060907245071095,-0.9399033798102323,0.06611832457724862,-0.29419212056435406
-1.4341912980788227,-0.5991710841177056,-2.5723976169111786,-0.277335164946174,2.9792457116983564
2.321176709195146,-0.37074450359507827,2.324840077943338,-0.39128927118384865,-4.712436418177778
-1.504419980776303,3.836502990787714,-0.5765306333027281,1.5109033869082815,-3.878341446768298
-0.036025581692453415,-0.08756468660802569,-0.10541091675496769,-0.2776927034789349,0.71980874123296
1.3564120589680178,-0.9864129887459321,1.993227069483016,0.4332139202430981,0.17253040310731566
-2.580984164581246,2.3598314740494533,-1.2710564508845794,0.4487281255312744,1.3650831131786387
-0.31724221770058303,0.08784598044574166,-2.407127463543667,-1.380340977453395,0.4166945579860417
-1.8719552191173285,-0.007881686560770478,-2.7615052685517503,-0.03182969959625603,3.4055951426568773
0.9834612659243249,-0.3386968389851621,2.1958699383630944,-0.9400458587579048,-3.288346979435814
2.307350602082199,-2.6483539797558215,2.630363469406986,-0.3223437956705838,1.588227229779279
-3.375533367332628,3.3246026430906137,-4.308127945671374,1.4301815578617778,0.9743357109844817
0.9930127578770843,-2.187467173505204,2.1732201911623674,-2.1972579093811766,1.127142150672011
1.4134909402643718,0.13474921194059625,0.8541616451914696,0.1924589888932033,-2.107388455919863
-1.4519231532508274,0.6053960926845907,-2.217952839982241,-0.6479145965936103,-0.14599631637667043
0.21050289615042206,-2.3272055291877463,-0.5880794009398429,-0.773182551764674,3.541169643976845
-4.849448826679762,3.6609035271866173,-5.323082152873799,1.1892130248103037,3.1536899448353815
2.20256216113665,-1.9608524578889188,2.059675090495464,-0.7741377562539185,-0.7329528865263453
0.3398030907675879,-0.03168486286497435,2.7494438468861584,-0.0578465806323706,0.10502375847024503
-1.5552026563475188,1.4168360734678536,-0.858338850419151,0.37766187231339526,0.3780182467635562
2.511940589742951,-2.7035025989932677,2.449758259014158,-0.7224814659912338,1.3301109146805519
-1.8532668617401225,1.6043103708982847,-0.5310082470016213,0.5773687189230299,0.6588693019503907
-0.6951784302555245,-0.3792225865397274,-2.5198328371288197,-0.48873823937988015,-0.06319120539352063
1.098058443338247,-0.7397428267984991,2.391403353816372,-0.5058870852110513,-2.527038988785583
0.9722948709946111,-2.389561468695665,0.5601009796005335,-0.6757760271075186,3.0336496608655916
-0.9590919189117444,1.3336457246972806,0.04585477979171726,0.05869185372088133,0.13379411465561986
-1.348817258943727,2.260980025404691,-2.3548643941505136,1.2305267699879952,-1.5882089911079986
1.1833294445078757,-1.8809219450506096,1.4849000494808384,-0.9828298060618402,-1.2601513498055712
-1.562338799111787,2.2953866091239856,-1.5592164238542352,0.8723296080205627,-0.44059295394860204
0.5278539216641375,-0.6699318335966024,1.2815207248598206,-0.8375588096185076,0.4590849559855543
1.5686870930368926,-1.1903599187117773,2.4069987408870523,-0.6861261088304886,-1.3118069853495273
-0.05112065965228918,1.6133774936204206,0.4762067613221571,0.8355047165738471,-2.8612579201619788
2.7428946051430647,-2.794397585360997,4.12279535596833,-0.41860637787336347,-0.012825461730663179
1.7631647981589722,-1.9201637521352386,1.9669560137156032,-0.8049123041710126,1.9457003040994967
-0.2528422804422569,0.8821629570585185,-0.45875036081645837,0.561631889066287,-0.0924840147503958
-1.086037819202317,-0.3731763452999335,-1.259044626975074,-0.22183764520446048,4.508784434987566
-0.22936886068935086,0.3870595156742578,-0.2543940738466624,0.8728671275640911,-0.5232010629128189
0.7321937996415612,-3.539420202995153,0.6627438166921144,-2.1328572327120443,3.6867513982693145
1.528659916559279,-3.030977867327576,1.5292235330815287,-1.6280519627538481,2.389088699935526
-0.7682891113745274,-2.1542691040584474,-1.303061341428208,-1.3074582022593702,2.744095443299573
0.7861740127575048,-0.2147224246796936,1.0794105178954145,0.018797292057307857,-2.7944256949493376
-0.17827456819777632,-1.8019134948629303,0.4015268384445242,-1.35060440224598,2.4899916142910556
-0.5233609359173219,-0.3800777665581903,-0.006834018529550456,-0.0028313503715242305,3.4576451715326693
-0.9083479913200394,2.7162467325258857,-1.1949651248257418,0.7352827945225926,-2.751887343185705
-0.5484167442249102,1.0610484461776413,-0.20484905760181343,0.09910344110273071,-2.308438713211267
1.046137609159267,-1.5217235812658252,1.3387317876794294,-0.8132599502913171,1.605063296662744
-0.41350708944173425,1.7730322570596375,0.17588078583693328,1.101430582897317,-2.78986315056673
-0.06415307705473207,1.2481424773148269,-0.13718608089733447,1.189310730879829,-1.274232038217108
0.9071950661553444,1.9339989648787133,2.2512173078897293,0.9688072506225288,-2.7355064756559777
0.7310911847431534,-0.9699224202785712,1.8174982066346164,-0.07397735412564323,0.3369958138226145
0.7856056405973273,-2.44440823821121,0.0069726551216096055,-0.789157230200585,2.975177417545828
-3.6839589360581253,2.4713594785579214,-2.230050206361218,0.7093962962571144,4.99056142104913
-0.6458812804578161,0.1530847184283275,-0.19054039112782273,-0.6911961372817036,1.261404210274079
-2.3101783981993442,3.679876342444684,-3.256117431893233,1.2042639839760825,-2.487613188477715
0.9265801456320664,-0.4394000532556108,0.37147127173770655,0.07531925325829612,-1.0091376593617198
1.046125383408211,-0.49320138946493847,1.459955873265084,-0.24012213730136608,-0.22407453793308896
-1.058942276953987,3.4813062410933093,-0.747885334078987,2.081003793076811,-3.2761465909379828
1.2072318523114194,-2.802491315200326,0.5602641530306789,-2.051499092087896,2.239396387600051
-0.88376898012729,0.3954429997901916,-1.6538538623714867,0.5784205814107956,1.2566775575750742
2.916364149674621,-1.2651444104554985,3.888135563660515,-0.26279207093668855,-2.7863008477069564
-2.676664926502892,1.6040099736843638,-3.366186000418263,0.6129718822287205,2.81001203565219
0.09615016171163052,-0.4329192854143381,-0.6325135134482324,-0.587752712360759,1.166462157507018
2.631724218597629,-1.6485914050941872,3.9468817620638497,-0.7823388203613381,-1.2160893337438052
-0.713910548010579,-1.1256130457405173,-1.102802546621812,-0.30712828365621014,2.7875940925066116
0.9837179591945546,-1.9920610911535088,-0.6845928878424559,-0.7546764916421087,1.4443048746649467
-0.9824634284865473,0.8468561108969589,0.02877616949904005,0.9371845691679503,2.570249805733351
-0.2387808897151823,0.5688397716072997,-2.0602602945170605,0.2568107834054528,2.061603757108167
1.6470031476239153,-1.7530323189024308,1.1580222336005233,-0.3157547602780798,-1.035853938842793
1.6277440532830239,-2.540648766170727,3.5161145889009013,-0.6343845750644647,2.408515286426131
1.7632901900584739,-1.9638829336576145,2.2099674328438788,-1.2131016195859439,-0.24942050384688066
-0.19948184330195612,0.3068783046060557,-1.564884705509289,0.25517591093255143,-1.349764794221953
-0.4903648478461262,0.8466444441376129,-1.4438175078202846,0.41587006336875443,-1.224659075510487
1.7843807522374224,-1.5358567713486435,1.9924904500047314,-0.13290584666546762,-0.44566310858908
3.326559673726401,-6.302084539729395,2.239484815821123,-2.938267612762163,3.9434925074177207
-2.8142436800074484,4.253059748893154,-3.1296461797067856,2.1193038702383262,0.034225583785968405
-0.8678277835193724,1.5161263779610805,-0.9230305070528869,0.31086057556720204,-0.8589505154102698
-0.5140672812595056,1.0514587543018066,0.2555072266262104,0.8253107282982532,-0.8498784062316809
-0.854342144224004,-0.491706939573749,-0.1275586138009478,-0.6656264767078246,2.5100063236694643
0.44083461954516295,-0.33770219885993114,0.4631747245947602,-0.7296778498313133,-2.2150870506765945
-1.9363326403183763,0.8683608921943508,-1.8076734467861142,0.5402313042043015,2.8705875833864427
-1.081057140253809,2.3664122890585704,-0.5569163951152644,0.322482255755139,-3.1077054943929467
0.5312608081728935,-1.7726358374458815,0.7162764383008637,-1.0891736296290089,0.3274891241306651
1.6083620055361394,-1.4189615251291539,3.625977171696729,-1.0922806649902579,0.15949009758135002
-0.8370086556646554,3.1957666159794877,-0.5317973457428744,1.7361822698948446,-4.20760112237388
-0.8464292147546411,1.582182293930625,0.09133710854569699,1.325179923502191,-0.4651874863916725
0.8429036976406479,-4.3542729366738095,2.32668319776527,-2.123374201569783,4.6422753057435715
0.3242864355770818,0.30945756093280796,-0.9421480499764314,0.68915374134641,-0.18675069735745142
-1.2861762493694222,1.7720696448289683,-2.719116079658428,0.004749895717777527,-1.7162704774472077
0.788227444959215,-2.8598190797213388,1.513297979449536,-0.13827665796777927,2.5862511087683426
-0.49651574695441014,0.48302241301615184,-1.5347928394201455,-0.017295917764728948,0.24237110632734166
0.26633497841569387,1.0904761908432499,-0.667944885655096,1.8154053196106785,-1.537379292186468
-1.7163330866833961,3.46403485986371,-1.4677626654943,1.3534311986303647,-2.2432221446001557
-2.663141210579408,3.950521423573091,-1.8404535127637092,1.8096062343469304,0.1706974740999545
-2.833969471904358,3.4263497853605447,-2.0968226215846686,1.2008434524234497,0.527703933594617
0.11283146052275239,-1.0050049740057565,0.7075769981117676,-0.8368775384650871,0.865758231923625
-0.9408530074117379,0.1272376585765711,-1.0159179426741647,0.9207097004861685,3.7022703037285876
-1.3637720379753837,0.9597957140600488,-1.6909714346262539,0.2823795094381179,-0.1957961966491064
1.8723225230743015,-0.47545897364661416,1.480752083450438,1.291155069102515,-0.07045463702171384
2.2144508777394574,0.8639097109059475,1.4017304002594568,1.387953991440199,-3.4252334133403837
-2.3192921890329288,1.1200084082127229,-2.9532716525383567,0.5778546963794211,1.7444003394446026
1.6838896007715856,-1.3345002916815523,0.20195802851839773,-0.49623804073993927,-0.9214830180272344
-1.970145162387042,2.7850389139457583,-1.0659327954806415,1.263492147749404,-2.414534171823826
-0.23714311366989138,-1.47936667813384,-1.4806908492407787,-0.36849357929522275,2.8752156962295445
-1.6281552289736392,-0.954555189436791,-0.40740861884744106,-0.675375322942552,3.6554422207772697
-1.6356030918405957,-0.17833889143405623,-2.071301687024175,-1.0066634438220057,2.8793669634467154
-0.748358400807576,0.9548751435001861,-1.277669076341347,0.8124398693851351,-0.5896217914812848
-0.9767750402482955,1.9800561552748677,-2.415596992031145,0.3390330874715238,-1.3517509191178436
0.5085903788117031,0.4609677572231318,0.33148318830879386,0.4788439465172531,-2.3236614406869527
-0.10866745070291844,-0.08370281671845103,-0.36180194170873115,-0.8433383985793231,0.704578417736662
-2.2168370055558646,3.260335356779279,-1.611316886256565,1.664547939349024,-1.8486577616979387
-0.2828582604064965,0.48461224833877836,0.7494773781296136,0.757800027241278,-0.7073457847317527
1.1271281655549048,-0.6275355145446412,1.3366459505375834,-0.7901225692982523,-2.7656426966664958
0.5120967103773875,1.082622509383817,1.942363667219598,0.5324793993521327,-1.589548038578914
-1.485259371981793,-1.6682704455223034,-1.9971662062703277,-1.1074309047379955,2.890505415929203
2.2847221922301153,-2.6227731323072394,1.5643940073376037,-0.7294749889223608,0.868705658036999
-1.3716130903155546,0.8276870769519002,-0.5899485601631171,0.2546192205037691,0.4656193821929458
1.604510411988662,-0.3247252685372463,3.2748369481377226,0.2511226391575852,-0.4052606965410954
-0.4646318766210522,-0.4042348936568434,-0.8520749431559398,0.33775458353936416,0.9207364434047999
0.1495636657499963,-0.6656901461289966,-1.709966038721855,-0.36311000604288796,0.24916896987039044
-1.1022192843415772,1.3506463524032823,-1.0421270703724537,0.8462574420029303,0.5705938831982684
0.37284720043378505,0.15592909131252114,-1.642756378897653,0.2920657557426957,0.9689277947038726
1.1014699334544666,1.1150721069735163,0.5729990819501233,0.43575244579867817,-2.875739636154133
0.32439063229937326,-2.420608735439786,0.48093266767711895,-1.0733900162861367,1.8633718197589553
-3.1550269462954184,1.4010801597367075,-2.5338149428964316,-0.29410714725255843,1.187009321766564
-0.6824266323277992,-0.4469104537068629,-0.6586313942056549,-0.9734870085647247,1.9832769239860428
1.486926119380018,-0.41615641693034944,1.3533920627839966,-0.5569027556750172,-1.8154168842492646
1.7113992471832584,-0.15745014617658354,3.1652267515533836,-0.2483141690041438,-4.117657857017395
0.822743236160689,-0.35162806498051347,-0.4302651134929084,-0.4714563428121522,0.14604188577323107
-0.8865671939682784,0.5081076353287872,0.3658398520841014,0.02122430664302334,-0.10827643592530312
-0.8247901603417325,0.7867202003449042,-1.331866942761706,0.10241671312923105,-0.944336511661
-2.4586771100924123,1.2095048264355905,-1.8438254276365411,0.5874228433735194,3.5040827468449223
-2.1758711670008855,2.9987407740172074,-2.6164041700379657,0.9925581019734999,-0.047779787003434326
-0.6451623951456218,-0.06721364908184313,-0.8177560116224482,0.28964054175034454,1.985435166304737
-3.1464501029157894,3.7808222123298965,-5.096825671117074,1.6256968159393859,-1.486111523777389
2.281660859524427,-1.9564715486422353,0.6806997301316491,-1.4828950965629883,-1.2741392144522377
-0.25999873771602267,2.5146397627662047,-0.8121388120709074,1.1870759808348814,-2.877146036277188
4.66396940537946,-3.7365130823909327,5.114814797326331,-1.3162229904953162,-3.4675840340219564
0.40437925006812375,0.7768614557714303,-1.496228825808226,0.4407776086735244,-1.9066637044038528
2.0089972884806344,-3.150409924717856,3.46883549222113,-1.1526147976738295,0.7144904959498931
-2.7200750320142117,2.9760073460145895,-3.617300321820463,0.8224895806825411,-1.798811779600031
-0.6535350042506909,1.5412803391712646,-0.749083185550573,0.7062191215246026,-1.336477307260678
0.28992083814323966,-2.1255363392009468,0.2512244475175942,-1.3260901591786325,0.7732098130477811
-0.5537848569399685,1.7292843027933738,-0.6582587636845834,0.8637806217946472,-1.6106247347158171
-0.5907172690978373,0.6380829271557156,-2.0396358248147046,0.20570521021330976,-0.2062846928444043
-1.2102005318958202,0.6667955020481953,-1.139175652605444,-0.3922035561189048,-0.28800275728096913
-0.36967775533888547,0.838350386639377,1.1880954900212952,0.5234449226534555,-0.24653270672009356
0.0894159930475168,-0.8676455851795155,0.2417027136499348,0.09792753417930802,3.317855620112069
-2.5295120774412876,1.3310796008448944,-2.660909645706761,0.4457037405229973,1.9740176893102934
-0.8016485990925417,2.50416343692655,-0.5858774347265873,0.8098355690100684,-5.561468056478896
-1.484923360466432,1.7707797464161028,-1.7123571266540478,0.8923253558031976,1.3281693334037468
-0.8720241467443417,2.3230087426000767,1.0574066310749983,1.8967748778125895,-0.8634552775890681
-0.5177381556689749,2.039421616196258,0.16140088330035185,1.28110951185238,-0.7337187038817696
0.6489132600695264,-1.8091347099018213,-0.46737426628809997,0.053711806324592985,1.6301078959707764
-0.7806494848542905,1.7257702984726517,0.6983458302563966,0.07870147401489251,-1.876258908206714
-2.966117917424673,2.5103801016079306,-5.0106369606752805,0.7139464693024845,0.40926044355869984
0.6362654745665731,-0.008084213066410134,-0.2174423560379083,-0.02878244712342269,-0.2981921005682239
0.3947293386445102,-0.39433750940758955,-1.0085767314026801,-0.15495300616545668,1.6253852057472893
-1.3769589739539834,0.036275278282371426,-0.8508416939703226,-0.6047186066413038,2.276119674564455
-0.7265504168895333,1.3465387837270126,-2.3861010175639183,0.2566607870248649,0.5274883463551008
1.1077406459110497,-1.7927491581711004,0.028068727150591277,-0.533662179202402,1.6022875850054972
-0.38260138013766076,0.5329791221488285,-1.2502477795721596,0.8364060532685546,0.34348312636059697
0.5873190802786039,0.038886054016914695,1.9710596085590186,-0.5054622055130497,-2.408655029812281
-1.7874018529855402,1.2495069104788572,-1.1356138433959577,-0.20242587524594038,-0.6729550158046779
-1.5199433309255033,1.4060003103135281,-0.34139666899139764,-0.011149380869015504,0.07151756566991863
0.2616057745075442,2.914444522399804,1.6291981054787747,1.6391316919024994,-4.19251225420881
-0.09839309693908788,0.6780144608249945,-2.2036946737747036,0.31799542050684254,-2.9143582224515416
3.1436060351296073,-2.2708063758252837,2.4958729987294266,-0.8283055692845432,-2.033604496528642
-0.5713928957215595,1.186784091280202,-0.34193882957374877,1.1781958094919012,-1.1234382401263199
0.045579678866877416,-0.1342376107963587,0.1919320965066543,0.21313115216811876,1.6867470154680135
0.64595532469901,-1.2293908617936276,-0.25303222524669133,-1.26283596177292,-0.6909300621879625
2.2724283632779105,-0.5899568826535542,2.1701899511458667,0.3642829835224146,-0.8796136729338084
0.503610610944065,1.4719963639150622,0.6193889857466369,0.35182528491798787,-2.7445453828354607
3.006348778152214,-2.6741131157295666,3.5519832061106587,-0.9002856089664035,-0.45986292410099483
-0.17959860143683365,0.5030197486813965,-0.8337504742373856,-0.14192216428760754,-0.6963960998979257
-0.7275620147032088,0.07083490768783224,-0.2494225587864506,0.05200860414446969,0.9822202227377654
0.041973833769017393,0.5947233458476804,-0.7437506870203284,0.4904242656418248,-1.9845186496788527
0.8570615092795995,-0.02299809630197995,-0.06549183811909154,-0.060524205395725277,-0.3751221236666409
-2.110574104614136,0.08548312347342013,-1.6657390551166658,-0.24260951480999685,2.2652357364397635
0.056642026303838695,0.0635717817687704,0.9674328260486881,0.023704439020101862,-0.6008108533912297
1.2327922469888528,1.2282817778060164,0.828594908110219,0.7730707882152289,-4.728614106470544
1.2446928209106058,-0.33032661485941617,1.8177659473204408,0.35132811161879757,-0.3684000655056886
0.8455625879447111,-0.8581435051211452,0.8284535598613734,-0.3535648821987473,-1.5862705073889658
-0.5855852788075968,-1.215994101065986,-0.1470585664288197,-1.2322131372900407,1.5331443554677149
-1.5918427522001175,-1.0204198175793768,-0.2724401736899096,0.04920158471201387,3.038949577354362
3.643675333585322,-2.1704566390087994,5.125557336286381,-1.002569760819663,-1.3912807693911016
-1.9210855736216406,1.8280145689992409,-1.9084284807258345,0.7716991550722319,0.21903009470589666
0.8353027032464637,-1.672027941591035,1.1915496876571805,-1.944230014461548,-0.0427066771924072
-0.3452381684638285,-0.4609115859522418,-1.7168161841162686,0.06720542161486202,-0.9606639201565561
-0.5410205515330667,1.2567833308483078,-0.9972115146191105,0.4654191079864008,0.1752357524713395
0.215168329513176,0.2566848831439407,1.1401110280607285,-0.2369239015471908,-0.39672695797505275
0.09681795773558245,-0.42235639919806495,-0.108263423846832,-0.4517113687130016,1.3410126414385672
-0.7854042804752669,0.5308936400606237,-0.5415892984040813,0.4615733449029391,1.2948455917568893
-0.7597632472596421,0.19674939829838234,0.5564759656568853,1.0736655673117796,-0.021267970441449124
0.8565744337657801,-1.0559233720225047,2.9560965959068994,-0.6689052857865659,1.596667486561913
-0.4989308944775961,-1.9877618939968684,-0.8619013270953675,-1.3602352511610911,2.524885461276093
-0.5431167800004568,0.4944670433299025,-1.8949667805685966,0.5497067432345044,0.5406761786243244
3.3394963787498275,-6.396352071846687,4.6692005898278,-2.6406274903462763,4.131820220126291
1.7716834117772728,-3.5879085112483167,2.7151651959248757,-1.8534545932075337,4.107287246125898
-1.913744862020304,1.5994004943414635,-0.7424724646222449,-0.1988457025115908,-0.5097459667462827
-1.4345544787236326,-1.785280131245506,-2.1859323087093667,-1.5440556251392845,3.8268639013999697
-0.1663439276644012,1.5808871351473608,-0.3992188866427643,0.032027441323206625,-3.449978157627239
-0.2095349860807391,-0.3219396959373292,0.47861505785912606,-0.3201676117481898,-0.5516382088599373
0.34962696451732933,-2.2622179166315752,-1.2219539166122306,-0.7602383366639326,2.8381643168052744
0.2604115503555531,-2.7074327424907563,-1.2007755013044121,-1.503925293289783,3.581071296751711
-0.1993597866834001,0.016396089705079102,-0.8913324200578078,0.0017298049477376337,0.4171547174852789
1.0590187437743088,0.11086324262083813,1.062963067396921,-0.33988607581330016,-4.540936697793246
-0.6068762073518459,-0.18243204534621554,0.1349372724358402,-0.1841856747444277,0.1736333507127349
0.19776810517685517,-0.4061360160515748,0.8879531122301552,-1.740631688695857,-1.4601850130153156
1.611556511191299,-1.1751808512641677,0.32220441009305856,0.4910738437096587,1.7062012859773514
0.49773339125199534,-0.3709164970512947,0.1837568566617695,-0.1209621624830755,1.163061319054827
0.5492590914527175,0.9303426364996399,2.193473501400246,-0.011813648401105326,-1.1123944318392711
-2.4281848678496125,1.6658641221790758,-3.8896031227820917,-0.22276464780357358,-0.16161153172265774
2.0262290941240404,-1.362740636878113,0.13050266331628202,-0.42608020774257177,-1.500624491603731
1.2969660129681624,0.07201348992495593,0.5430985113537422,0.0948103397384258,-1.0618753797361586
1.1496093853544347,2.268367531579821,1.3511967803278948,1.4823892744438452,-4.610002016930912
-2.215718508087348,2.2107866877282403,-3.7638395094985655,0.5819593335195091,-1.120883896351116
-1.2867997823609656,2.1080069339852363,-2.6259003983017286,1.0563713449095649,1.3081350267965743
-4.35099387304334,1.6151791141420875,-3.4346879693082926,1.5644623384018324,4.952729609973288
1.2795046989112442,-0.6557803573414938,1.3052853426297164,-0.6706576223302432,-0.9086139789042288
-1.579955214971585,1.9662696920253775,-2.552201749171454,0.9803718099217344,-1.2964474045897167
0.3293949059815471,1.157052413268492,-0.5862870530948429,0.32442401944163685,-1.8550985457255438
-0.18046467016786072,2.052785823524454,0.6309205168905248,1.2043905999823803,-3.028765231292504
0.1841762426124206,-0.35957121445096285,-1.7114419737069864,-0.7166967786314404,0.9021273835543251
-0.6109753127219298,1.2234065153436549,-1.4217858996329165,0.5610614733667981,0.011971421817093209
-2.6176857517556833,1.2770312789861686,-2.9477088160512257,0.13507217158056456,2.2576340590739825
0.09061996623041818,-0.1811935225514738,-0.7575305599666187,0.4198378977502707,-2.3333409603687425
-0.3619399281504636,-0.670788326276458,-0.7954417405006557,-0.9480468322495186,1.265103073941158
-2.9656916323483444,2.07905745699418,-1.0836520263541405,1.0045469458375227,2.591576665280435
0.02431956941257043,0.21579016464002437,0.5681173933586476,0.24279686625822458,-0.41078290992276545
1.9554799267388352,-2.899698650295915,0.9316006746662739,-1.3585400365070393,0.13125034754660092
1.1436972914354633,-1.9236137341044317,0.3416111684403945,-1.99515482995023,-0.5034783843452404
-0.7947157862576835,0.5928970459828322,0.7729091231788174,-0.5031597578416933,-0.18182269479300084
-1.15524970109347,3.1812674572878965,-1.1229097226761946,0.9932064736990139,-3.853881137543445
1.6532730260114787,-2.1680787656396565,4.633923933434459,-1.1074208295196255,1.383733274485492
-1.213666663899152,0.3865306625144451,-0.44457334339310695,0.6961325860364149,1.6723345833401573
1.1696652424258385,0.3786826643328361,2.3664698430497664,-0.06094341465858769,-4.093402910582984
-0.4160292879660477,0.5796122438065949,-0.6760989586847257,-0.4280309459248624,-0.8173090356812673
0.8441992040428878,-3.6263922939493307,0.09348544658221869,-2.6637697418780966,0.8069067254677094
1.129570193009326,-1.9607243366806344,-0.2080338337942722,-0.6128041904884234,0.9797902823890658
-0.7517400097472404,1.3313000810584854,-1.10811704176861,0.09515001831526372,-1.642460627946094
-0.08386776665271756,0.7886580328538716,0.2059491239386373,-0.41113494074974005,-3.5125211257666447
-3.2525591586135993,4.328636138702599,-3.567638287660791,1.690652734316942,-0.16211119242559724
-0.6186838915713454,0.03121265303111731,0.7869006854662112,-0.15779415518867904,-0.4128384242508236
-1.6280270293146315,2.797774672210858,-0.017006749479467453,1.9932965195203967,0.17725095655786238
1.4368282086267905,-1.7167868978403442,2.036962034446787,0.4896335402973902,2.1050032544493233
1.1867616395574774,-0.07822237252192354,0.05787279331493411,0.6059535029212745,-1.6869824202374812
0.8677870436445683,0.357400500642587,1.9153984227223666,0.14964714840378274,-1.3709635621048872
1.0718100290168602,-1.2247975486733147,2.6135447665734515,-0.8950823433397743,-2.3319365680193975
-2.7944843050139063,5.74336511994593,-1.7629654960923853,2.5116313463658813,-2.555987505010849
-1.2121744015517883,-0.09701232620314437,-0.8088289611633638,-0.7559197977237685,2.1247845315562452
-1.1135423587228201,0.19256939963136058,-1.5556891540261222,0.006922584787788204,1.0726214914992547
1.871776402609653,-3.582016326959103,0.6089040050224659,-1.7748978477839363,1.7149399422550924
1.7053142263809566,-2.451787782194801,1.3114239012671383,-1.151049483871193,0.6326326735202432
1.1059745323815697,-1.092021835238366,1.0938304156265033,-0.640428618754239,0.32874830446078007
-3.248681390568205,2.8595744123926883,-2.0029842673910405,0.9038675830386531,0.807999735266213
-2.3932820909202146,4.4056566667483645,-1.6341212125331614,1.8116354163163555,-1.705302615329333
0.05589775189243429,-1.3224958733983114,-0.8724239179794706,-1.3358764584664486,2.3285001693061536
2.811362745164701,-0.4643054010710319,2.135770648432655,1.034774784163477,-2.9996060609303776
-0.11701730538012592,0.4080928937738181,-1.757063075883084,0.12019161167514551,-0.561619494584329
0.06349723752260177,-0.05437129372120941,0.3008956284419774,-0.044151660973013755,0.19812960930030457
-0.8457168343198479,1.6695182180577677,-0.6048065232717512,1.0000321130807073,-1.4547396290646875
0.7420203156383054,1.600598347246193,1.0873757250841622,0.16491596713652865,-5.696657746698831
1.3118853466502465,-2.290305206718594,3.1542797563365053,-1.2777980838971132,1.245576223554181
1.1925543395403584,-1.0528381345624969,0.023683597071937124,-0.6935822677038848,0.509841691638349
-0.13530833870622871,-0.6483519226598999,-1.9164103353660915,0.08016577481697498,1.722121906645111
0.8699088333053877,-0.3011895531403237,2.545659932219065,-1.0240998693683467,-2.6571028914372405
-1.959673114574969,4.225337432533587,-2.751422251311037,1.6224981783557233,-4.458373128697225
0.4790227357565488,-1.2216890638561622,0.5920889196379603,-0.4360739117825742,0.9446087548313716
0.2603939716703846,1.7850627585880137,1.146092646565853,1.3678108276620868,-2.580596075745386
0.41383565246128184,-0.30840243285983837,1.4415544661633055,-0.5661484004758708,-0.19683863585560663
-3.190153798891868,1.792083854646279,-3.3671048549298233,-0.12646397768881512,2.2676231350769704
-2.860356062991975,2.9479309211516043,-3.344437851654365,1.2734158231126702,0.5477516347768915
-1.2629486765615048,0.07083306612449647,-2.086192298346522,-0.5392876174846056,-0.19147018621447343
0.2904604489993525,-0.01382475409174011,-1.1731115274931239,-0.32392897708641105,-1.3384286482542378
0.9834221978628982,-0.023155945309922266,2.7152616438801123,-0.5347714490947644,-0.5315528156059433
0.47574610920803106,-0.13380150526237478,1.2144600303081536,-0.09799811579634132,0.31778727718393296
-1.925614126217296,0.2606817669444965,-0.943456438617776,-0.2878724363163308,1.1998148454630697
0.20428863763251937,-1.545674752541573,-0.30222560452531505,-1.36920989555074,1.6465492329796438
0.7304151420732629,1.2269096709330811,0.6099296125290466,0.321111281931919,-3.3628203668454284
-0.6691421234526569,-1.1741385856119817,-0.05669165692738454,-1.7909157792337815,1.9829776192031248
2.128989315937112,-1.661725914400524,3.53551937955088,-0.4251197190306441,-1.3017210231622944
-1.9356982494377408,2.091643386587285,0.37366230045854554,0.6839577977829704,-1.2830899297831952
2.732031645264281,-1.3934506915986267,3.8234108517061545,0.15142007163370733,-0.37138298657488233
-1.6357801725292664,-1.61848165324745,-3.2824274655905086,-1.405145625434734,5.039875786442407
1.1723096656445766,0.9582722839581597,-0.12819197056669407,1.1910834428420103,-1.5493611687798245
-0.0701997675700421,1.3867166733940348,-0.6137506382694624,0.16760419944972296,-1.2536328417826437
-1.63554274800937,4.001209959247307,-2.4765630397857366,1.989987824055739,-2.8367706835740316
-0.504408801136067,-0.27825201233852825,0.7272032503723339,-0.09336086237624795,1.5410313808010832
0.5224812154355256,0.03873388771724606,0.5085308797877491,-0.3343959979567321,-0.9046633742383167
-0.6561638005654078,-0.12618058358302875,0.5568253775578993,-1.2471129620383306,0.14104386135602162
-0.7805169723675259,2.5760955278506064,-1.2797262235861124,0.9051734401159011,-3.180277627288524
0.0250538343669746,0.7185717134629179,-0.26596823263820185,0.837837432947083,0.3435716723413429
-1.0843767437946064,2.616856379837282,-1.239568707073886,0.8558680516283736,-2.947659101677771
2.0698768939462355,0.01455050803233085,1.7864843715551297,0.12186604711315926,-2.0865369753816245
2.6606916281306336,-0.9378272090962697,2.5887424261898206,-0.04864920199048108,-2.8052255290415644
1.3515126611854544,-1.2536678769139207,2.1594202547784773,-0.8423896309385009,-1.9560478598721949
2.2205464817390044,-1.9234303804855464,2.2324310547463124,-1.201449322292782,-1.3809446512680563
0.3967883289211682,0.48039980623645817,2.2819067047578043,0.48729035901212936,-0.44217321750763783
0.31409431242991537,0.8548525689759737,-0.1357308412094178,0.11865951883984541,-0.9508217457153278
-1.1966857031571827,1.0310873426920857,-0.935838494713138,0.6195886744680927,-2.2130254479579987
0.11542403187455808,2.31736614891581,0.7514215526178529,1.2538748395731771,-2.673829337611774
-1.062001871616656,3.9631240376369044,-1.6529229738359477,1.1745234101817588,-5.539944125394822
1.25909983823312,0.24246671151354127,2.058638594171108,-0.4388380497131381,-2.810263673738231
0.05818663439345395,-1.9177555028736657,1.8600984509985359,-1.4321137348147575,1.7250151263878015
-1.4892458806272244,3.1922051039577095,-1.2244990115250851,1.036503498667126,-2.495339495979189
0.2295145507785481,-3.5204197329615745,-0.960602950489993,-1.0232589689573575,3.2509475031854445
0.6792470918364661,-1.9708191080637605,0.6486024170690599,-0.9999907632517903,1.7113193078476567
1.2006819100003163,-0.559789415456599,2.4405499767663397,-0.47149492186464487,0.6276652054584078
-1.321728470224871,-1.1848860939868726,0.037435716390752605,-0.4744517696769275,3.612199407156929
1.0423139122863696,-1.6179149425585235,1.6844366919836755,-0.2996564469117848,-0.46307576438689035
0.5061944806575935,1.3551685081129339,-1.730702180406673,1.2968236143973007,-0.4341978694705526
-0.3588908906267164,-1.1597299634860376,0.8071670959388011,-0.8719118531525502,1.2398195869955986
-1.0412435972604401,1.335178050919962,-1.390885970568544,0.4470509007056041,-0.45285774236059556
1.0224785807644008,-3.0788218088590718,1.1561959124858205,-1.4804692354276885,3.8672040287899603
0.06444732430551814,0.9032926155758323,-0.2785959256976045,0.2334917757893056,-1.069003033464001
0.7177196386845222,-2.1873169407943824,0.5165811968330328,-0.5843132271410267,2.306585882582876
-0.5739867756719316,1.2340798441312613,-0.45684906983219514,0.9259394515553823,-1.314231313474184
-1.2029460264153005,0.3433330251128359,0.23729423867164323,-0.9300720578738516,0.22557828263830537
2.208728595426511,-4.140837741260751,2.6135637771212847,-1.7846099366540455,1.055236747544852
-0.059553497407090705,1.1712968492862692,-0.26793612869367,0.3219277775444794,-1.9522408538359348
-0.5133020358065324,2.1852121025171334,1.1338554325020285,1.5861090296210538,-0.7291383957363525
-2.66188074092092,0.5506886936305573,-3.5728708425609423,0.20358555740123585,3.598532550479243
-0.20719072934276006,2.0863874580800505,-0.18093787854578056,1.682974573072045,-1.2162808003514878
1.294448182458392,1.3019178565790217,1.1471504318122976,1.1251848880124893,-3.991371712204311
-0.07627621131844803,0.6826392982436489,0.4921419590040522,0.9121359603939733,-0.1489614275822542
1.6624634106924592,-3.186064088837312,3.5091094669617275,-1.9255441668935982,0.14291376303796244
-1.9136403289349126,0.5894925982478241,-4.314890925043507,-0.2442729907645282,2.5652582309723675
4.926038879935756,-4.749604075122895,4.498487788471825,-2.19108614923828,-2.192625378457377
2.120489228375847,-0.32422604361822027,3.316140773802472,0.7672903269528792,-3.7004144888676445
-2.690026232798388,3.0902486846035,-3.6667230691543833,1.8978792289892465,0.054700661455928
-0.45152937771052687,1.5849227148910348,-0.6169001281769914,0.7168361665306943,-0.6095492112548833
0.009362543698697712,-0.3928755571005277,1.1877814218878338,0.3118506616508412,2.096911981567885
1.765440929145727,-0.48256887375632385,0.3219241625546496,-0.7477962591280202,-1.6528250855785775
-0.2662461595217107,0.6640419635946868,0.6666287756894023,0.3199244866828258,-1.3596945762918287
0.3003599089299258,1.5841279116800278,0.9410501177826964,1.2762579499189648,-2.173566519215247
1.5790584719404432,-2.5876616328740205,1.5857238714385338,-0.8675123661691138,0.9292698463557802
-2.0806697760030373,1.677149276524931,-1.5373771212249459,1.0596386533780309,0.5014575275513108
1.148072591947212,-1.9897294368406362,1.1553032435631623,-0.3268857914002764,1.0942638385409313
-0.974376155594842,-0.36788448323003353,-1.948019809775479,-0.7175328431713862,-0.10830043335665374
-0.33779332767124204,-1.0365538908509468,1.4748822216048887,-0.9401150044954965,1.3600340199590335
0.7370157148483473,-1.9624257221607682,0.6964968815054329,-1.3450754949756194,-0.0970516645989814
-1.3910754203652362,2.6076565261025086,-2.190739068178856,1.1254334788425304,-1.217606663152296
-1.9993896393876804,-0.40272854482753145,-3.502075736517369,-0.47126037818232736,3.5938320357881675
-0.6567090084454981,1.1078371946644576,-2.099228233814325,-0.1285737520736037,0.16963930729110732
0.558299610296948,-1.8601394281143366,1.1075385200744643,-1.6993481662855612,-0.7868136148462193
-3.1758240428736495,1.4099791038020428,-3.7319050058598684,0.9179279976471677,4.141369134768813
-0.22149007716570734,1.8915205636246748,-1.4629930010369732,0.9148978221764114,-3.107175652075213
0.4282016890768907,-2.876276263504327,0.4079610056599554,-1.4630946870034447,3.687452433312834
-0.9394065930354104,2.45565787503779,-0.7726373773587814,1.079114082167034,-1.7965924662900312
1.3449122900639787,-2.465993797032132,2.8641430835932438,-1.2770132648171098,1.1854658650300147
-0.459929832406342,1.04188098364043,-0.806354484010922,0.9208189969874521,0.4405073776226984
-2.0511286008611274,0.6556252291490081,-2.6769941325413384,0.37331917240897294,2.9765623143565336
0.18591972207064592,-0.5029495930731089,-0.41804643980611256,-0.29970656892883646,-1.3751797861201644
-1.3181014128036206,0.9496114392952437,-1.47572219513005,-0.5671605569504741,-1.812861418766241
0.3905096595613686,2.947112414070947,0.5509541791821351,1.280969099749314,-3.54564288583472
-0.6308279458160209,2.946995817271759,0.6384416275544069,1.924041066290766,-2.764674728166701
-0.5343011927162586,-0.3876947964320693,1.2728328136545244,-0.11473152302043284,0.7142593177903938
0.10597974135372969,0.500852657454947,-1.3179147222277046,0.5900326649178378,0.6532091348335556
-0.033124700662485074,-1.2145930100029607,-1.8359772609097613,-1.8406277711345167,-1.053686540503633
0.22009229567573696,3.1112392604438126,-0.15399070247673316,2.226020152088131,-4.116987898682378
1.8128801516488742,-1.71787010059268,1.6615598411940564,-0.4086991662982958,-0.9421510533575727
-2.217730895444478,3.9931654909554015,-2.021062835468282,2.451802126296054,-1.3538872108146427
-1.4347559700319308,-1.598033323668874,-1.272021749382503,-1.230399751905474,3.0040410190453763
0.5018655404615475,-1.5644000614272993,-1.14972870532113,-0.2740025418843078,0.8326847426353245
0.07228601002998433,-1.084010698188852,-1.7564712422022268,-1.099978876708317,0.1488723293733425
-1.021283409378558,0.7379626550646021,0.8400852636243019,-0.14946042006398896,2.312291316772612
0.3454686960117617,-1.1666357296777328,2.954324659408205,-0.4687024412138041,1.592918796053597
-0.0825606885013408,0.28038748271007163,-0.38840703229585416,0.25211340009678856,-1.1212314637046767
-3.2325951399366413,1.835826612864397,-4.664214401889918,0.09868860440967257,0.8077561115218838
2.7727284442784175,-1.465038486765948,4.1571321442739935,-0.37314598622431006,-1.0222206554349527
-2.9748456208118625,1.9025009214780495,-3.6776562707075353,0.12390075203221536,0.4502402226815161
2.114646658603328,-2.6349029506163726,2.5532833151100514,-1.1411075912890405,0.7435838234914621
-0.7786297856414967,2.3270336864271766,-1.3348381706830907,1.0230176056822529,-1.501649303096256
-0.31351085228853914,0.34430878070451704,-0.2957345006473012,-0.2049836046873352,0.33207978033483987
-0.17613909945932582,-0.8274799622743934,-1.2733685395612657,0.23453703472706702,3.43960237117519
-1.3456547533014351,3.643908699076696,-2.188510269038455,1.5530253107910041,-2.8944300322527328
0.7679170302360816,-2.1658316639583086,0.1963529230936979,-0.8055946344878705,2.0031646350173795
-0.5740581269215885,-3.5749069103385303,-0.41842226320916565,-2.151506241284683,5.155055899064382
-0.29938760646866197,-0.06351712027874612,1.0305006963936216,-0.3223311282346145,-0.04337240022171768
-0.7071377156442242,1.5170611819589241,-0.021303383209033466,0.3300715593431397,-2.087807648028633
-2.2303394604283024,2.634984973118791,-3.1443196990167976,1.3447624908274038,2.70870824531862
1.525422482746203,-0.7821986122027476,2.103310222168836,0.3900271824514438,-0.1933755399750307
-0.7722086810410383,-0.5803691004285865,-1.2437094820614571,-0.5302336320863461,2.765246845965411
-1.4627308437598003,2.3537690494687498,-2.56225648252555,1.1753833883006857,-1.3258305024682984
0.2870751328601745,0.766032232271809,0.8616950107944152,0.7306892102602672,0.09315991251470246
-0.10294832171902485,-0.18889477980689684,1.7558999775703534,0.3790153079771397,1.2445195936078235
-1.6141046773410068,2.1570764431860763,-0.8446527749109822,1.95113232734144,0.8614706796304243
0.2920903984392824,2.0008383077502048,0.3406357803792123,0.9549574675981908,-4.474018417784482
0.4610429799728507,1.4492137051128444,-1.495950365648337,2.5301627408022775,-1.1384899374731439
-0.07987047789428048,1.5549885135415304,0.13918879929146594,0.6379295990470963,-0.79953931111831
2.2306688712822957,-2.1325516676805116,1.9824391629790115,-0.7186962746408692,-0.8892907282512552
1.5625482439732952,-2.788031554213762,1.5769944103649287,-1.1982458463746135,2.374465615183455
-1.0142527403958583,1.4734984226869234,-0.7852456543827926,1.1427303592729852,0.11645511324755078
-0.15078323294258256,2.7329406879857547,1.0529302606463495,1.8205922502641154,-2.1121769038287748
1.4471232119239001,-0.9287145861014441,1.745846008171514,0.25007170294735315,-1.6302181550111121
-0.2609514092916241,0.6452354013182187,-0.07922228308784623,-0.8559558659040708,-1.9602897812565874
0.8598806057828063,-0.3300834196675475,1.5823248300895103,-0.11523943351298228,-0.27271533483529997
-1.8040456489261385,2.597491771569512,-0.8276798786364856,0.8554622028004362,-0.5539511055732158
-1.3599228015570872,2.1095528152990006,-0.6946065596590907,0.5514221888559339,-2.20321578328785
-0.8389545729077417,2.9577944952553064,0.540584884899027,1.5433507981401096,-1.8487655633655655
-1.7395278074850218,0.11821813206080395,-2.8283140536726434,-0.2562874631309677,-0.34044410824021343
-0.5275185834237105,0.8958184616171478,-1.6569735271383441,1.016187110777061,1.805938357168103
4.291806114723242,-2.433067384955123,4.705950903528795,-0.7138156787040475,-4.319625790667558
0.8574576025755382,-0.015429139036187922,0.23166938601234677,-0.13319703035883415,-0.4773245178864447
3.3070344936247205,-3.1893480062395607,3.335987426659249,-1.4433452710714378,-1.273530194439433
-0.1420498020169838,-1.1325719113868538,0.41074790024706387,-0.6172173708947758,0.7310537885951562
-0.9118582802550392,-0.34206516473532284,-2.3319771622793475,-0.17622154571928045,1.0847160736402006
-2.2613782539073544,2.627607220826002,-3.7484087847583614,0.5162853852541763,-1.5494609916525164
0.744965410778155,1.172321685631217,0.4621532273002822,0.8533148873400775,-3.368701001878073
-2.29255655722147,2.716026581478892,-3.9750331028255093,0.9479099540491475,0.5747814997147899
-0.10076661812636417,-1.8715219114923693,0.4351387682596224,-1.6534598190903151,2.44294031464126
-1.2278481591721155,-1.363361894327971,-0.013687615477069093,-1.302322342967058,4.908383843547567
2.453639332049173,-0.958357889696976,3.795605288735401,-0.7854929206090596,-1.4896320111449635
1.720440769136004,-1.7295061531236948,1.273857278407018,0.06379438701882922,0.013904307842290242
0.06640960771671356,1.2393715304338682,1.751507712394147,0.8868703976904031,-0.8297411360150856
0.5157927970997072,-4.121262586237091,1.4107584417802237,-2.5245912887994533,3.429834028471717
0.5784462381951299,-1.7894949826579507,1.2196111094503144,-1.764797560433169,1.4831665623392365
0.5291854421525323,-0.9561794157496111,0.20671500085207745,0.5424495796078327,1.950163811410153
-0.6874132855374319,0.20835307928999447,-1.747765828101174,0.6409110865926454,1.0620632792076925
-1.3182388487843646,0.0673198370162783,-2.0021618195485016,-0.5763506675235629,2.167326887164185
1.1168229849132936,-2.25874803460609,1.5977120558910287,-1.1991078598018454,0.4936976442995674
0.7436699969960888,1.1462675848226282,0.7708054282853307,1.1512375128265042,-2.938127407106568
-1.1113580337844962,-0.19901857463381334,-0.7260822927457227,-0.68268371208349,1.582791352187769
0.3142299371162398,3.4326436807623395,1.7543040883570344,1.4320477230663848,-3.740950225569601
-1.4266256013125007,2.3841928407607282,-2.6127210937035703,0.392475423452681,-1.1441396464889397
0.8761306102098562,-0.8344882854306157,1.2829492965404987,-1.4392984556515684,-1.1514903338382223
1.612202412205852,0.05691830768742567,0.22258915382722533,-0.044127840977556745,-3.167165172826389
0.45429453207929077,-0.802736799352656,-0.04778412648318997,0.0955563846401485,0.5472878475950582
-0.8463192242672078,0.963615745501498,0.16453221938522988,0.8915908367388276,1.2490171179838527
-2.0302773331912984,0.5108518313996602,-1.7748150262725537,0.1272860796990886,1.890982434810536
-1.3957311486511739,-0.14529920317655604,-1.2190851953378017,-0.18749539511020458,1.7407060009381972
-2.222817865140868,3.0865477655608013,-2.148181573718713,0.7741554892248438,-1.1542887436305025
0.0021697424811289723,-0.5923237613143628,0.10426720089567199,-0.5800635276231273,-0.6184602589064274
1.5531288811386204,-3.1350636317964753,1.991089326870313,-1.6700851849592169,1.4506090769368885
0.10677810078671127,0.2851987176980121,1.1171639730369942,0.5632127459772543,-1.1296991114744592
1.097796831876871,1.106378122957657,1.3254291728189278,0.8723455588335948,-1.9179947507182453
-2.480968242616767,1.8632688963933137,-2.3700780147360447,0.1636548299883183,-0.4747026495540878
-1.7780474497331875,-0.00909823783497983,-1.4963610446874205,0.041039966615269825,1.238404718743251
-2.3782966787568034,4.37787863687288,-3.3402295624741023,2.2015499631596076,-1.4930913753057244
-2.1152098083747624,2.6955018140439164,-3.64088376564135,1.6414033212609425,0.68341113433349
1.4691565564886697,-2.584565642439453,2.2613027457699815,-0.8919348755561032,1.2444344858255159
-0.6135807618774052,-0.9628557839121465,-1.1184794338779582,-0.7644285981398323,0.7802325624139055
-0.20966082809881603,0.6013197531856438,-0.8496632271218304,0.5906572574780776,0.14467366022096473
1.5009623292245942,-2.892630498443597,1.7083373364939973,-1.6893428246674604,2.389061813291006
0.09099435258482946,-2.0115064784018126,0.6834311904573042,-1.0519124467094934,0.6217266994717872
-1.838075942454703,2.5004112446874243,-2.3281283238028996,1.2228893882257874,0.22576211519446965
-1.55078410065183,0.3214174527453617,-1.1106083540145049,-0.8045019951182983,1.3913884963799001
-1.434729273969587,0.8746996617294351,-1.8187305916889311,-0.5230874533568962,0.6434936749193136
-1.5331275503683295,1.5217996669555,-1.7400605434152983,0.17258243771504148,0.9088150254869536
-0.7961442844843754,-1.4871749026182495,-0.41837928004624714,-0.7506758996860922,4.174163473744677
3.044018854626525,-2.453905533887387,3.304034206297216,-0.5812880296874801,-0.9497423936631365
-0.7321541964995033,1.3010963830756674,0.17293278544109558,0.7975401651869471,-1.4914375769296515
0.4989491360429963,2.551501159185627,1.3066681278224255,1.6980977504423516,-2.7920625561443684
1.3606087319909457,-0.6761290081801943,1.5771207650613226,-0.9648331879435329,-2.3118051538405266
-1.5553153320595903,2.3931017813895794,-0.7655116539303051,0.7966478250445662,-0.5020412129653544
-0.4038113697228756,0.991034743094831,1.1887272933383344,0.17092393483526527,-1.5338128259700667
0.6203732140422257,-1.9845416881464706,0.9391975909241053,-0.5132405587434532,0.9729603491632068
0.9903545680856627,1.0893370068577202,0.9082525335758602,1.0021856421509627,-0.9941703232830403
-1.8537666678560853,2.3148540954889727,-2.4200946363753397,0.6220120996279728,-0.6934659338620075
0.32946507742066133,-1.3378501095248714,-1.4650345330770587,-1.2611276287368527,-0.9572542921806779
2.3277254826831326,-2.997934705973896,2.419955224486467,-2.5456051868667657,-0.17087138758836495
-1.3799860276255747,0.8957244003384546,-0.24075392335775425,0.12381677078313473,0.5220985053395948
1.0118500396573187,-0.9367811789743901,1.1480819446080444,-0.23016208591552864,-2.1154490245680933
-3.003785104767174,1.680632927818909,-3.062522585865099,0.6353374734730382,-0.30358604147223955
0.31866818652622897,0.07593080048109102,-0.7700672063963327,0.216754918000147,-2.0904031414284594
0.9530904649948695,0.1673213130591925,0.6771620740505111,0.5795937585240335,-2.904478828265236
-2.6324139332751995,1.0745180320733931,-1.1766732390474754,0.04056250672255238,0.8846099276946933
-0.9706851353464162,1.59402058541541,-1.2545962975556681,0.478772044571768,-1.7266818475056278
-0.7272908220263515,1.3487875976863066,0.6836855357601053,0.3377620367368294,-0.3145686054809326
-1.45295237854533,0.5117815672214137,-0.7917439066098747,0.0897624317998489,0.6349986491447713
-1.0301440791284895,2.5472515300332206,1.0092462652798782,1.496066155372479,-1.9389818823680294
-1.5485604755367182,1.3565542042642007,-1.672975500324694,-0.2203723357741759,-0.9172921014373434
1.6119927699961927,-2.850166998781189,0.8598587942258112,-0.4826889685409623,3.1130488757246306
0.6850313335502556,-1.1573803148161537,-0.14727865051596645,-0.263095431389566,0.3978670494909194
-2.3637958296294843,2.5597310220551743,-2.1601912078145435,0.23997971988515313,0.5972564831820388
0.5429792878298259,-1.3002685608097535,1.476989158187323,-0.06132770522601789,1.016544050643836
0.9693182742030055,-1.163364132060893,1.5524848585112787,-0.9374877248531367,-0.39118134524269854
-1.6714437055197306,1.809591462940015,-2.3263372049518143,0.5848949423283981,0.01078657918368267
2.253956159529598,-2.902195185918492,1.6622304103212433,-1.021981829166802,-0.7030706313071797
-0.770264651256032,-0.4359186600626937,-0.1983736293561842,-0.5227739923689971,1.0559017123102257
-2.8310062543441616,3.896688864517023,-2.2401848842080616,2.1065868759540347,-2.8059358166136743
1.7266823167109713,0.8995834299858687,0.22800112433579667,0.28113462527304917,-3.1867611959375273
1.0338333811228841,0.007510594972976958,1.1762337140418384,0.13263799839290452,-1.8878094166220332
-2.087127772723174,2.3199411554616978,-1.687422569989396,0.6176901553731565,-0.4983136262615382
-0.11724465391155525,2.1836130553167052,-0.45751897144650133,0.9680974448009028,-2.7530140953608857
2.1498074155079103,-4.209862842495308,0.22799518819562348,-2.3403601722838143,3.3733279927987274
-0.2764992335465468,1.5350018075766731,-1.2602442644419105,-0.1484265498045231,-1.2389366880608341
0.2668811500985693,-2.2033348633757353,1.7167356297065592,-0.7795653262798764,2.661789296839959
0.049139763397406,2.874549883400681,0.19683829544860598,1.4976255054601617,-3.0403880544737856
1.0696528322931373,-1.316755938154737,0.8532406820716715,-0.8147025512566092,-0.8800404690209245
2.0795849581329398,-5.15846618240515,1.2492016180636343,-2.123744201254418,3.2481360091335283
1.4573177063382452,-1.538409777334284,1.8691590826659348,-0.49449633293819745,-1.4569162489332512
0.2955362967224986,-1.9427788726275805,0.02951044978509393,-0.5072665017016205,0.7528996839943523
0.5550862105465995,0.3207252145854306,0.09978405973144372,0.5906443627690939,0.33101824683424097
-0.5746287209188609,1.8425633864458963,-0.06531157114584696,0.924493261950869,-3.096756519620412
-1.0240076748317146,-1.5126873874252589,-1.820202479094395,-0.5196473245214693,4.698155507510432
3.814287830141984,-2.1052024738342157,4.409344062813547,0.05667189956557142,-2.28790223551544
1.3829568435118735,1.3388704408185808,1.8244723592436105,0.22221665474722113,-6.029353137714346
0.3495096014304674,0.587627332702229,-0.28429722729942514,0.7492537000737473,-1.2063216717945786
0.4983574194897075,-0.8781597352553567,0.9686279415346295,-0.14875061680547658,1.475296838101838
3.5444372974982477,-2.9756542568538356,3.327405544570976,-0.9812639248699212,-2.1370781606299234
0.6513193125214689,1.6550457061613566,2.932723889964983,2.1295762894515096,-1.7924912613139543
-0.5495235330095527,2.11118186593205,-0.27835551689865456,0.8273688468019562,-0.8397740043084467
-0.41144990197155384,-1.1823975712275532,-0.10864214317143273,-0.07157841730965864,3.1964208570761814
1.7889004153919987,0.9071298910907997,1.51790994541844,0.1253915058426444,-4.492689238060199
3.1181826481638337,-2.7773684203308884,2.29888623707027,-0.7543253773876343,-1.1547692309473307
0.1832897419569659,-1.0789720218741574,0.35391954957238153,-0.40303838599031794,2.4464835995826597
-2.3997783028886657,1.4778603653975906,-4.512011557885684,0.5504779879265729,3.204319678931004
-1.6329515951617568,1.1956772944725538,-2.840311350689279,0.9786198513142319,1.8777883154252346
-2.916911814761936,2.3116690574960734,-2.873688352958935,0.8183364230922756,1.086177530328897
-0.4060461508916655,-1.089636661160756,-0.7762609270046882,-1.3115262969963966,0.5068789772809347
1.1009580828018906,1.02458388111615,1.4768094419799769,1.0735820225493835,-2.0521324812973853
-0.41619574671866116,-0.08997314632748737,-0.17583226520192036,-0.34733344040243525,-0.13715561553590305
0.713020897960776,-0.536791193936075,3.491721816089959,-0.3511198497209786,-1.671271650825505
-1.1995693773650777,2.005719717750458,-3.181114950487583,1.222012760263718,-1.4117180293962064
-1.6331791909571398,2.0735581091427377,-1.428188672274863,0.5220315379028988,-0.08826378459284245
-0.7565319366100296,0.4137945786248367,-0.6227739066239955,0.8505922452853579,1.9167338240556304
-0.9319916198497875,-0.23873642203845696,-1.5054209160411116,-0.19412154449819405,1.187311631320813
-0.7913157223008892,0.832944490673168,0.8024659262807384,0.6445723412936735,-1.3859308322696837
0.1227356525651615,-0.16237753357964535,1.5176670358375006,-0.7067958201576295,0.046570807057488395
1.1207199371193517,-0.7044738357682123,0.9497731105616755,-0.49855889903794254,-1.10515352967357
-0.6618954790251544,0.14094988494234495,0.07055066736749638,-0.5447810015884024,0.15766409553357047
1.1533000519201846,-2.843832814476147,1.3085596680305112,-1.5797530159101427,0.9317546364818853
-1.1285709466603975,1.9329946236925892,-1.3749039798093088,1.8849479890089773,0.05495404224169337
-1.052874370384513,1.462210953751577,-0.31420500760770265,1.1470419228463276,1.2915527515836158
1.286779966883537,-2.106199966810283,1.3000263277422381,-1.2207337967098968,-0.19302302529127524
-1.0988950491993426,0.5590260222290306,-1.955521446101874,0.02858965449237254,1.4789189413874713
-1.532217582682633,0.26664950108094065,-0.8449708623205244,-0.9894270621119413,1.087199377134832
2.0310303113469876,-2.6306452147872523,2.3761645454318767,-0.7729408631459278,1.7515239801832094
1.0060819583474603,-1.1928671004889972,0.313057244781313,-0.40793096536057405,-0.2705180776010327
1.1125225159037477,-0.12570533442817042,0.8327055219083088,-0.20758293146399562,-2.378788819844721
0.5532467575193464,0.9083591493012438,-0.7999279159808509,0.516401760133723,-3.3522503611388106
0.2245831778788443,-2.2459342695785414,0.3386519624652444,-0.30170218474819427,3.599030675109105
-0.9722852755205942,-0.11652423221962448,-0.1769054185217792,-0.06073290851103556,2.2868454516070114
0.2017481083507712,0.33909702843824346,0.7124330227788462,0.26899208748123826,-0.02652890464315749
1.554246169465611,-1.716697915857818,3.2419015221873275,0.06694992603576545,1.230918388950568
2.1471511609344454,-1.7638363447776908,1.6769608647056287,-0.6189066496533173,-0.6706635007185869
0.29647933389369896,0.8621883415929171,-0.5447859084755263,0.42329425548480604,-1.0707646703395743
-1.755804841887707,1.6544242404557745,-1.45684545496242,1.3637957526729072,2.5042519531968344
2.0891154340018017,-4.690272870006781,3.1150588302034405,-1.8361573797587774,4.442397210824803
-1.020575078472314,-0.632290574803532,0.46102214844017886,0.10991492601552476,1.4249153501121805
-0.8114752847229793,1.524018695703483,-0.49910492216379626,0.8212129270046883,-1.1871647527126046
0.034508595528816424,-0.28747101197335034,0.04976314005116845,-0.22936598188889093,2.6268212596024636
-1.711343693535182,1.4696530616563654,-1.4705142305853895,1.4105682323628042,0.8022538084177834
0.8806258730431851,-0.18164195284714657,2.322435272166515,0.18364560772728508,1.0964597749298735
0.790332830158953,-1.7950769709678593,1.3707613925776077,-0.5959127548295913,1.0348076967001214
0.526643470081149,0.029617141292453852,1.2717291966187767,0.40903253166447134,-0.1277050379047513
0.9723552351439017,0.6442060337452161,1.7163145010919019,0.22451273405753006,-1.4387290606785181
1.1153340236052922,-0.687006573171177,-0.8449954427183208,0.12293446003946015,-0.32972888808479023
1.6496459712039204,-1.7760531112530322,2.3478408562943898,-1.3116908555206213,1.0524412718260996
0.8976877653150824,-1.0430166821486586,-0.8673984770123547,0.510833617696253,1.5156894487549673
-0.1998994279009172,1.5178381963425216,-0.2934669520035327,0.031564868028036555,-1.7210211891206413
-0.4256341362826667,-0.5413118269380043,-0.6884082561695954,-0.7755013801305263,-0.483392238999377
-0.37631289626397,-1.9563089872720087,0.7107904624624519,-1.588786474557445,1.5712293096240173
-0.006258339257278145,-1.5499970385875377,0.7878987529656976,-0.4861083268428176,0.5419704095888791
-0.585982319949954,0.19828477857535964,0.1823117751090214,0.17871020553651967,-0.8432681080081363
0.9805063453941872,-1.6099394445171704,0.6861178649866673,-0.7840272221419345,1.573724076834639
0.1764270669400021,1.6427511100331003,-0.6853667206433802,0.708401217894821,-3.1135491817910212
-3.2820470878930856,4.950814832880444,-3.8981651958104644,1.326209218418955,-3.261551173914987
-0.3513579376445156,0.8501642562750127,-0.017607382658736292,0.7259656718750018,-0.8821395699330785
0.4865894618420865,-2.9515418788505716,1.2561086170272109,-0.8503940551189986,3.8705209430992946
1.965056024605917,-2.125362404807553,0.8190892410706383,-0.3350321138471146,2.233016504512455
1.33015217359611,-3.1542642806689933,2.3076461420413654,-1.1018464827060142,3.707669247988047
0.6656538681236592,0.5731118228143064,0.5685492808135288,0.2338204534753043,-2.832850066620784
-0.3545032522240515,-0.9609146738340734,0.48346108842294194,-0.9329469553551738,2.6562611824496813
-0.6654878785249989,2.4131340989813577,-0.877793253566199,1.3079748108610505,-4.81053681262194
1.0248445898954428,-1.5577195836171591,0.4421405417900458,-0.9076878063411108,2.437108431789248
-0.24258573001571548,1.569213141681539,0.32540445645509775,0.8224368625251921,-0.48592789438385653
-2.640878731688095,0.9592425072229256,-2.504561241004697,-0.6955749376538929,2.374872662997807
2.766424398579719,-3.741873120794149,4.426652836681386,-2.7621075619418187,-2.5529283689010565
0.2504807213653406,-0.2817305182095423,1.9194085619623698,-0.28220887910097797,-0.9665174670063169
-0.614418702432293,-0.8208574117817249,-0.9238063546952708,-0.40632004855689413,1.7775364555616586
0.9577131939647048,-1.1042130503397036,1.0684062789658728,-0.0007487639922330703,4.213472499655306
-2.1272190976982692,3.751501980763889,-3.3758077432435307,1.8942502153963026,-1.3944544979318643
0.018509211653873203,-0.6998149042959343,-1.7524976547009985,0.2883148783478438,2.181255401221054
0.070434154214702,2.7418298420452407,0.8641469059762565,1.4699485029424697,-3.434779629437388
-1.4551973641565954,-0.4693964888427892,-0.25339096215261714,-0.724643065139045,4.129649797846331
1.0874676267001022,-0.3196100200336459,-0.5617738129100747,0.3019894516253354,0.1415763301369345
0.19447174955300217,-1.5218855255499677,-0.8892588549748617,-0.08021142331216671,2.6014925377714606
-1.7246977514871362,3.091358579110782,-0.32076478234713335,1.664097025704422,-1.0852540877162442
1.1677176237223073,-4.058095872946122,1.0657981525618305,-1.1510217086882717,4.731014255522957
2.458009959949208,-1.6217676487627724,3.7627376454347434,-0.7353698963416637,-2.0612337093835227
1.2046236674722257,-0.45593465269183076,0.5694939719401191,0.39283621270738917,-1.5351008626105807
1.4661429839486804,-1.6753966592874723,3.645889838649329,-0.43901794608701,-0.38073822346048647
1.6967864876286094,-2.5757327198950835,2.80784398840409,-0.8054483886630139,-0.796041217612901
1.9220066055402172,-1.6860405895711625,1.4456157172218143,-0.4236105370715377,-2.998064722453142
-0.8849587074492657,-0.19055051252807115,-2.0778346198863815,0.13851104608035594,0.9239509190514462
1.2342776398753474,-5.485225027999684,3.3637558165667882,-2.1884831722619826,5.22716659764477
-0.6708483602174549,0.0758123255618498,-0.5782631789666876,0.3702747154894874,1.0078212390429622
0.5854291592978532,-1.1877638767345289,1.6977660278610576,-1.1172943095446384,0.028291751039111877
-0.17715290819578167,2.442889256743563,-0.12378224879793315,0.8655094444542926,-3.7568844636073147
-1.13288343261511,1.1045263271721069,-1.013672989255802,0.86087757966749,0.667753191431793
0.5286334156332131,0.6815746926344054,1.2187573404680412,0.26665433376626585,-2.8496147210253397
-0.09046996753600389,-3.007109060727008,0.4438898781111936,-1.4539627756579379,6.138375824647343
-2.10355710592769,1.9581082143025625,-2.1107744043992382,0.5846722636350125,-0.9939347833766852
0.3941785762004476,-1.7936387564917669,1.035626259596595,-0.47966554200204525,1.9158244789173755
-1.1052730436680014,-0.2511713822992291,-0.9246048995201251,0.030891951360737396,1.4175538683585405
-0.6112123172626178,-2.5204665781239597,-0.23286765913512109,-1.533073930012309,4.198444992586962
1.5432851782958266,-2.0342691864598637,0.95595913710534,-0.698121106812719,-1.4187158362198546
2.661748268576929,-3.2550347837529823,2.8200786655182526,-2.0354906176440246,1.064746645094395
2.271961038793023,-0.6115182456268908,2.815361904347993,1.0120130366225357,0.7611816397226354
0.5797796400889736,0.1873360762717965,0.3444747652271559,0.6079281353754208,0.45659148087354884
1.9167492728117594,-2.2767051400631377,2.5545533968530774,-0.9012607408039233,1.9629671492078986
0.6121740240668799,-2.5201701036579616,1.5156086271068019,-2.124837782180457,2.329263604784459
-1.5284842859014254,4.311239386086603,-1.4626758128281145,1.5816351580109749,-3.163925691196485
-0.06002501959450446,1.8849548557556859,-0.16906854158023157,0.6263407929520877,-1.9886978118137812
-0.2505478706824609,-0.46318243051888797,0.9952596622111096,-0.08126378658922853,1.5572529849699606
1.5834120340417106,-3.048526637399178,0.9191602019549009,-1.26004228700224,1.551431893287978
0.6383524909446541,3.1899018104591885,1.079270627589388,1.7787768441648018,-3.7111991086197573
-1.6328370206389895,-0.8721259692845119,-3.1628425645902443,-0.27662870082090185,4.325810294119149
1.4829810260440397,-1.614014773163795,1.946609188334093,-1.121742253103625,0.8119494332065316
-0.33565573724356956,-1.7404420033185832,-0.04129843152931517,-0.3381281421085199,3.28473434773312
-1.3569168300117513,1.3776671167158543,-2.5908176237759557,0.714751963185246,-1.0602971062864577
0.8681509389952609,0.29907300244322277,2.979286652085935,0.6287662295654155,-2.4546235022413017
-0.04313224385114256,-1.931579119331938,0.19019850440067637,-0.37072122675037583,3.200744320863931
0.08435296846938833,-0.7537309333758268,0.7270827990928548,-0.43222930540268956,2.7637904199545353
0.4793114193982967,0.9135053895544849,0.4147562544001899,0.7766971193915918,-0.9851806308799883
-1.606615981511943,0.03693901423014423,-1.4915447604769523,-0.9783867124322417,-2.0900271420056717
-0.9665350079852969,-0.6228965049531925,-1.5444365605560066,-0.9950039614060966,1.1719504317617015
0.05597228706891161,-1.6054111910227618,0.9902304922682682,-1.265763447833484,2.690417944301562
0.151667285686365,-1.9479531310060456,-0.3187806512468051,-1.2236673671657694,2.3188401752011774
0.5503198657840228,-2.2606559775053485,0.5158228317288043,-1.5495842942018163,2.5863060075478743
-0.42020259870006504,-0.052624050265317135,0.03856530010731596,0.5793943263942932,0.12645426860981512
0.0650614207646879,-0.2901189157566082,0.9361285964243242,0.6030506222224874,1.145496418859094
-1.0287867576466332,-0.0024519651406504916,-1.1199186685021048,-0.735035124367794,3.643314438392502
-0.9961535670661102,2.680081229874779,-1.179495193547862,1.1327793210716757,-2.1395963778339615
-4.379119829359714,1.3750285198058345,-4.383155883581654,0.12804083592362847,5.225097571695376
0.40744575481893813,-1.2970706222866992,0.2933727659091337,-0.5649691510446229,1.0282918951222448
-1.096121407100324,2.137779178499104,-1.625309186353525,0.6145336172201251,-3.135640302932063
-2.712336877415375,4.346867487544327,-2.462420935143264,2.0424636924382087,-2.996858943298318
1.0050994782412497,-1.4179112134607843,-0.5361538071644179,-0.7465677574367179,0.2879940534608177
2.7712658149807523,-2.6749815806266177,3.258060603416717,-0.4830957254645891,1.2229615876275055
0.010867448854250839,0.6177142418710164,0.6958034099684255,0.2857997271237813,0.6769416695238522
0.31592459358813874,1.0998281655394635,0.39755104685961035,0.5872066020766394,-2.745734601490581
0.3987735522744544,-0.5507886662500094,-1.243662447573188,-0.2728337417287924,0.423499344252601
-0.36234281005913305,0.9144440774801975,0.21996889428442862,0.12000356123639747,-1.0088274220934577
-0.6935148874651869,1.9164957019126425,-0.300564597387475,1.3846541505259926,1.1568568236533934
1.557375793314951,1.7373919318133837,3.3615804465975057,0.7650238680755365,-4.55583531610934
1.743322714770874,-2.7432834536241364,-0.049296562833475166,-1.256923647867702,1.2757357890073484
-1.1463916410856576,3.299120945414622,-0.6042605720540348,1.9326224841078927,-1.8166254967152295
-2.661269251185521,5.386353827365704,-3.7619110700830696,2.2648432971987584,-4.005146281893612
3.247343197322066,-2.927205286939452,3.093541356660837,-0.37133349623585504,-0.3662344389566156
0.002428296695092258,1.5953473192624665,-0.5956215046620416,0.5851092758045169,-1.7526862648963233
-0.6357925615916156,2.3814801970612516,0.39404884715436495,0.62381109054853,-1.9575079783689215
0.8222177240313643,0.8522430724551987,1.144676630264028,0.1910923168250596,-2.647553065570734
-0.1609820901175525,-1.1048544261513378,0.12986744144808213,-0.7754595034513885,0.7506569964114086
-1.007368155190357,2.4164506211008985,-1.6004902335890496,1.3043452658971477,-1.138494682407495
0.8673095483977658,-4.659377389264286,2.1485461382112097,-1.8010223349910055,3.5161641004788025
-1.6314963790601935,-0.39288975026852335,-1.4697280882918642,-0.937630363354467,1.7894183400228252
-0.3202482249961147,0.6858493452028916,0.02171048749264043,-0.36663633769952314,-1.7833617897882783
-0.43881658465106577,1.5319222623854174,0.6591126763884005,0.4633231788559809,0.411009708730689
-0.9949918966192965,-0.2231907062267946,-0.5119008262685228,-1.5510051596787198,0.5011001012302116
-1.4407442201679395,1.106457823521518,-1.267835199048558,0.3260409195839004,-0.33829779439153274
1.2551745089421487,-0.7105770108677657,3.475525572273815,-0.18215020153303868,-2.2177947393801203
-0.6987083381774731,-1.5139703908777116,-1.2584258424446428,-0.6791089928454063,2.1741108137129244
0.3031365317525339,-1.168643294784421,-1.2169826220329676,-0.3679927272384534,0.8978209495100018
2.1195786460626382,-2.430875266998462,0.8537486483249532,-1.0980750482802093,-2.8535110562616763
0.4660212471337653,0.6921746741239327,0.49062297010500705,0.5098181503803378,-1.1443123324790445
0.19825389018715378,-1.8390386530872775,0.06007986145443933,-0.9080699110443827,1.4784957470629743
0.6520233830296567,-1.5076318881011233,0.41158091453261486,-0.17639877340254162,1.6272822677386642
-1.921975354667382,4.076902543358461,-1.4803434129906838,1.3542647015208067,-4.2574709771654495
-0.007644917771038484,1.675528176746786,-0.9209047710150798,0.643092440036696,-2.627179474425967
-0.4713485920982269,-0.9893949081692947,0.3590380200811504,-0.9719739853165027,1.558239546744639
-1.36201016916584,3.5452515914570983,-2.8123165816092266,0.9103139830601272,-5.316411560506424
-0.8332308743766856,0.2430345310726003,-2.0847740367197343,-0.28244681257109133,0.5168077619358379
-0.048984063380815956,1.9956727029967658,-1.1276386068685962,1.454545100143695,-3.272670973827431
0.4257401104689774,-2.61755249576643,1.613070044237765,-1.4706332698181026,1.6514840396374408
1.1540723085063231,1.5147997652613103,1.2989442198660055,1.0467899121248252,-3.1836750488991097
0.969213609749632,-2.521130309772861,0.44428920261315163,-0.5893112030875415,2.4837286070798155
0.7600196342703955,-1.977602137216062,1.7812869168048446,-0.5001485118434091,2.2423696866139204
0.476753601602685,-0.21050453155309223,0.1406984000760247,-0.21445913577542214,0.8414740995562655
4.5488432162612025,-3.4436584889083095,4.601043620103916,-0.7753572052941607,-2.4370689687625418
1.3636394253765132,0.21954209284197962,2.198667562065981,0.03719157596131679,-1.904221574061046
-1.4735040173638754,1.3460715323362125,-0.7049044670593178,0.11288100952890522,-2.025456885003096
3.016640899541864,-2.2316564959399816,1.9725684471331588,0.3015068766029848,1.2655512348279543
-2.581357879012589,2.845511376733576,-4.046572595622717,1.118022740447597,-1.4393764553735209
-2.0462320992051852,4.974591611040677,-1.4913645273878013,1.99171613928789,-1.9176946906596464
0.08336692429147552,-1.2329982959624783,1.5342528085567968,-0.42592496443483335,2.4665317243776013
0.3405320372885495,0.703134347543549,-0.8522110036763925,-0.07975937199672557,-0.5649665030601732
2.1268658870906485,-1.185856241532451,2.7617980252998215,-0.2571140162936173,-1.6026789169857907
-1.0584630815494331,1.9568338005579846,0.5533328131875901,0.9459878708107821,-0.7381479876392408
-0.5204970757064445,0.47474877866085785,0.5524075296125465,0.6105921842420676,0.200176653420013
2.368764401150462,-2.434332963861279,2.6119201000852588,-1.0528737523611396,-0.43215887147305826
-3.067917797053732,2.8133672374510743,-3.412910646429275,0.8245032248313048,0.15466474499112354
-0.00661020407905117,-0.66136287413802,0.8925836452271464,-0.7097996524917025,2.1033637993721817
-1.7010261768496133,1.9041664892873038,-1.5997991810234147,0.9398627003005663,-3.4042046658024883
0.8196556969979291,-0.40984313712092235,1.1632934680476765,0.5768409031689944,0.10695250934602941
1.5945189554965031,-0.22673488781244386,0.2601913781652261,-0.004875497370741111,-2.81133994735933
-1.9534970308389095,0.9200239292861604,-1.539252391780538,0.4473273578293676,3.7282868693728606
-2.580647918857241,2.55994325602669,-3.2541620997488847,1.0788426928962718,1.627745083875071
0.3534039275308275,1.2765523884082464,0.1002983340507777,0.7233979573280163,-2.484846502453171
0.24235375555762417,-0.10493931014931923,0.31034963795665843,-0.5224450673661618,-0.32482113712056293
-0.35257114918694926,2.250891223529858,-1.7026666896713356,1.6215290884386477,-1.45992540797607
0.4432231364363058,-0.12903671850663145,0.3895637566942258,0.41800502935877365,0.37795172811707267
0.25284758249342343,1.114886065165852,-1.1472199463429256,0.47324417290472764,-1.24264412568618
0.1984286239162591,0.8251205865547493,0.6132357511402109,1.0711631058662774,0.05988589191224569
0.8189394177273787,-0.9284052832761136,0.4445793865440918,-1.02043292427465,-0.23490717916155218
0.9785008014972578,-0.3521296105808246,3.1267208071520933,0.13006112450592525,0.11788490817869124
0.7574038079549756,0.2057328303158125,2.0304983668801633,0.25876319108202717,-1.729256393308385
-0.33814008075428714,0.20806853515619284,0.6708433067281507,1.1920277264308994,1.1517817203448426
0.7429988470285619,0.5783415327814505,0.8966947296936788,0.7712223444144375,-1.1401920302639192
-1.6664384814374866,0.8673332668798951,-0.3367154903668961,-0.48321138532605046,0.905398017334794
-0.07913594650564315,-2.55612254237445,-0.972377637702967,-1.6118438945677482,2.78807357142795
-0.3708953749128264,-0.7707666109834141,-3.4395857631355806,-0.4704688635247125,3.1316872710497625
-0.5847373446709221,1.1074226721944904,-1.0130483127539909,0.18823103111873696,-0.24517169648796733
-0.1921657872509499,-1.267975223568361,-1.6252547794691325,-1.0050181475672708,0.3550210522296653
0.6947386282218404,-0.7614198252049554,-0.3336769805472799,-0.4039011486975205,0.2840403933994112
1.2808431685801556,-2.3787117982149946,1.5133441881375502,-0.28730042200959255,1.8239748991276885
1.8459505754439536,-0.12436124944640942,0.07621489669497539,0.1971692284599942,-1.7261803556044217
2.577701563809354,-2.2611262206420344,1.931258134122365,-0.36643441101429686,0.35692476807473017
0.7430311959025799,-0.7281414053538562,0.4211217904704796,-1.0229053792789617,-1.1869550891852159
3.249676664516197,-3.233635769701207,3.050601952265398,-0.7672087923529108,1.3787865557497798
1.0172193733524364,-1.6491656956492386,0.8987897782870662,-0.46577645045076416,1.2847287961908478
-1.2323299674500818,-1.110807198539849,-2.97445849473056,-1.255492387371491,2.227183462672585
-1.1443289997949058,1.125621059410265,-0.25183984969621154,0.8113652850855867,0.3603926182388573
0.6495940046649317,0.6380297515057706,2.3053591221167706,0.07068127817666556,-2.121204883972164
0.9645322817638279,1.4440542578499032,0.2532572564603873,0.5137826378070705,-4.268227009883132
2.323120621127664,-2.0116932653166826,1.8347287069333467,-1.5423604035362832,-2.439596595782799
3.069073899957793,-1.2514641970030291,3.0339143352914517,-0.6070112134369837,-4.489331140354236
-0.0645141950685354,1.4169430283296975,0.8359882056999067,0.8178408488603955,-1.3697296951963698
0.431991361500934,0.17449328516106233,2.8419091990061673,0.6206898852016567,0.2891457608701131
-1.0940954288402125,-1.4476716341083264,-1.8287511342838072,-0.3539581834991537,3.221815954403014
3.2128347348992303,-5.162851223279132,3.0726132145460214,-2.2728556765107273,3.080755134750089
1.603335193648232,0.1751070621737535,1.695556286238695,0.3447719738720622,-1.9083456056018797
1.9071819205469753,-1.0557431648106737,2.11327946781528,-0.6275355357285165,-2.3861717446754422
3.9638393916701276,-4.100997785966216,3.9335375865687348,-1.9446938206955395,-3.559389103188727
0.20393586782009454,0.1578341196800439,-0.8683625493907575,-0.7449372704896525,-2.5759968366144963
-0.1168813568720869,-0.5586462887229416,-1.3123046656989186,-0.38581939808546223,1.2743702281353078
-2.701449534158743,1.212378041223846,-2.046030152292818,-1.1073789130130722,1.7577390869116152
-0.3674977569324481,1.1996368664406116,-2.318679553241733,0.9899855828373401,-0.43625999272794236
-1.0739160968139134,3.017967757802394,-0.2073623001026862,0.2655319443254059,-4.0557012691237055
0.8437954447741834,-1.0600216740423574,1.0410950329764646,-0.9466284512523282,0.47335698915589497
2.230245245911886,-1.941003362252652,3.827749112352879,0.17724366578456954,-1.1591292812033656
-2.3608798030399516,3.024584521944946,-3.108680019578398,1.4308728997686837,-0.8570513636246583
-0.6622728846360367,0.1702324458680587,-0.9753832125941374,0.13609226731905874,-0.355967402843848
2.0918923925816664,-2.3212114319023076,1.9774702518657978,0.07349852553744199,1.1339556274486786
1.3123991241409134,-3.9601402545847995,0.5636606528291198,-1.6556662839547016,4.715166981024335
-0.3431187441683279,-0.9881454824410616,0.8704793374630215,-0.39082433092419666,2.4287443442655863
0.5335938712282932,0.9964703065755565,1.7676127641737676,0.9198909869861573,-1.6128983908568981
-1.2552097512743439,0.9722703425748842,0.406975034708436,0.6857615127335644,0.08599410697617738
0.1166288950783958,-1.4951721844159218,-1.2986063776840349,0.057368155977367455,1.4051367988204648
2.1937731151203903,-1.148574965110149,0.5301399732815162,-0.5987920141495167,-1.1489138868783422
-3.002330585220503,2.194198676733176,-4.274944161612867,1.1657655870566286,1.9096907884008019
-2.0928035414596997,1.4549300010845896,-1.5704827683386546,0.08737206099897767,2.4007893498760904
0.49410406709566435,0.7186678052871,-0.1750303684696599,0.05498701421500679,-0.5668442086823731
-0.13419281113587794,0.22859031767342775,0.27355039076683463,0.6609512221671254,0.9373151728058439
2.723488440580173,-4.22122893306355,1.5325363801712653,-0.615199143353401,2.2348519468013928
0.5153084927088769,-0.00014121804592781562,0.6792131732322153,0.5670629745878896,-0.8321566901261576
1.2426777346857771,-2.9966171150230885,0.9121709752050768,-1.7258447683533036,0.6990293252070263
